中文	Tiếng Việt	Loại	Ghi chú
许亦	Hứa Dịch	nhân vật	Nhân vật chính; tự xưng "tôi", văn kể gọi "anh"
许会长	Hội trưởng Hứa	danh xưng	Nhân viên gọi Hứa Dịch là "Hội trưởng"
斯蒂尔	Stella	nhân vật	Trợ lý nghiên cứu của Hứa Dịch
瑟维尼	Cervini	nhân vật	Đã lên ngôi Nữ vương từ ch.723 (女王陛下 → "Nữ vương Cervini Bệ hạ"); trước đó là Vương nữ Lanpari ("Vương nữ Cervini Điện hạ", 公主 → Vương nữ, KHÔNG dùng "Công chúa")
阿卡丽	Akali	nhân vật
卡米拉	Camillo	nhân vật	Ma đạo sư Camillo (epub dùng Camillo dù âm zh là Camilla — GIỮ Camillo). ĐÃ THĂNG CẤP từ "Đại pháp sư" lên "Ma đạo sư" (魔导师, cấp cao hơn 大魔法师) — xác nhận qua nguyên văn zh dùng nhất quán 卡米拉魔导师 từ khoảng ch.664 trở đi. Chương <664 dùng "Đại pháp sư Camillo", chương ≥664 dùng "Ma đạo sư Camillo".
莱斯利	Leslie	nhân vật	Tử tước Leslie
斯塔克	Stark	nhân vật	Bá tước Stark, Thành chủ Bontar (cũng có tộc Stark của người lùn)
海因策	Heinze	nhân vật
萨摩	Satsuma	nhân vật	Bá tước Satsuma; 肖恩·萨摩 = Sean Satsuma
艾薇塔	Evita	nhân vật
亚妮丝	Yanis	nhân vật
克鲁斯	Cruz	nhân vật	Hội trưởng Cruz
肯纳德	Kennard	nhân vật
薇薇安	Vivian	nhân vật
阿卢西亚	Alucia	nhân vật	Trưởng lão tộc Elf (epub có chỗ ghi Elucia — CHUẨN HÓA Alucia)
莉珊娅	Lisanya	nhân vật	Lisanya Shadowsong — họ thị tộc Elf dịch sang TIẾNG ANH
影歌	Shadowsong	thị tộc	Họ/thị tộc Elf: DỊCH NGHĨA SANG TIẾNG ANH
弗莱娅	Freya	nhân vật	Chưa xuất hiện trong bản dịch cũ — đề xuất "Freya"
艾瑞克	Aerick	nhân vật	Hoàng tử Aerick Điện hạ
特蕾莎	Theresa	nhân vật	Theresa Ica
摩根	Morgan	nhân vật	Hội trưởng Morgan (Fuller Morgan)
文森特	Vincent	nhân vật	Hội trưởng Vincent
庞贝	Pompeii	nhân vật	Hội trưởng Pompeii
海纳斯	Hainas	nhân vật	Nam tước Hainas
维娜	Vina	nhân vật	Pháp sư nữ trong Viện nghiên cứu
雷姆	Rem	nhân vật	Bạn trai cũ của Vina, gián điệp
新飞商会	Thương hội Tân Phi	tổ chức	LUÔN viết "Thương hội Tân Phi" (không viết "Tân Phi Thương hội")
阿姆利商会	Thương hội Amli	tổ chức
法尔考商会	Thương hội Falcao	tổ chức
沃尔玛商会	Thương hội Walmart	tổ chức
阿玛尼商会	Thương hội Armani	tổ chức
利奥商会	Thương hội Leo	tổ chức
魔法师工会	Hiệp hội Pháp sư	tổ chức
邦塔日报	Nhật báo Bontar	tổ chức
森科海尔学院	Học viện Senkohel	tổ chức
兰帕里王国	Vương quốc Lanpari	quốc gia	Quốc vương: Lanpari XIII
鲁尔逊王国	Vương quốc Rulson	quốc gia
法萨克王国	Vương quốc Fasak	quốc gia	epub có chỗ ghi "Vương quốc Sack" — CHUẨN HÓA Fasak
坎德拉帝国	Đế quốc Kendra	quốc gia
玛洛帝国	Đế quốc Malo	quốc gia
斯坦丁公国	Công quốc Stan	quốc gia
德拉克公国	Công quốc Delac	quốc gia
赛恩斯大陆	lục địa Saiens	địa danh	epub lẫn Saines/Saiens — CHUẨN HÓA Saiens
邦塔城	thành Bontar	địa danh	cũng viết "thành phố Bontar"
安威玛尔城	thành Anweimar	địa danh
卡玛城	thành Karma	địa danh
萨尔坦城	thành Saltan	địa danh
威纶城	thành Waylon	địa danh
落雨森林	rừng Rainfall	địa danh	Địa danh vùng Elf: DỊCH NGHĨA SANG TIẾNG ANH
精灵族	tộc Elf	chủng tộc	精灵 = Elf (không dịch "tinh linh")
矮人	người lùn	chủng tộc
兽人	Người thú	chủng tộc	Viết hoa khi chỉ chủng tộc
魔法师	pháp sư	danh xưng
大魔法师	Đại pháp sư	danh xưng
魔导师	Ma đạo sư	danh xưng	Cấp trên Đại pháp sư
大魔导师	Đại ma đạo sư	danh xưng
会长	hội trưởng	danh xưng
长老	Trưởng lão	danh xưng
城主	Thành chủ	danh xưng
陛下	Bệ hạ	danh xưng	国王陛下 = Quốc vương Bệ hạ
殿下	Điện hạ	danh xưng
伯爵	Bá tước	danh xưng
子爵	Tử tước	danh xưng
侯爵	Hầu tước	danh xưng
公爵	Công tước	danh xưng
男爵	Nam tước	danh xưng
金币	đồng vàng	tiền tệ	万金币 = vạn đồng vàng
魔力	ma lực	thuật ngữ	QUY TẮC: 魔力 luôn dịch "ma lực"
魔法	ma thuật / ma pháp	thuật ngữ	QUY TẮC: 魔法 dịch "ma thuật" (danh từ chung) hoặc "ma pháp" (trong cụm cố định: Tháp Ma pháp, ma pháp trận)
魔法机械	Máy móc Ma thuật	sản phẩm	Tên loại sản phẩm — viết hoa
魔力风扇	Quạt Ma lực	sản phẩm	魔法风扇 = Quạt Ma thuật (epub dùng cả hai theo mặt chữ zh)
魔力机车	xe ô tô ma lực	sản phẩm
魔力轿车	xe hơi ma lực	sản phẩm
魔力飞艇	máy bay ma lực	sản phẩm	chưa có trong bản cũ — dịch theo quy tắc
魔法阵	ma pháp trận / pháp trận	thuật ngữ
魔法塔	Tháp Ma pháp	thuật ngữ	Tháp Ma pháp Camillo
研究院	Viện nghiên cứu	tổ chức	Viện nghiên cứu Ma thuật Thương hội Tân Phi
公主	Vương nữ	danh xưng	Epub dùng "Vương nữ" (139 lần), không dùng "Công chúa"
菲尔逊车马行	Hãng xe ngựa Filson	tổ chức	KHÔNG dùng "Công ty xe ngựa"
爱尔兰联合商会	Liên minh Thương mại Ireland	tổ chức	KHÔNG dùng "Thương hội Liên hợp"
爱尔兰村	Làng Ireland	địa danh
考瓦奇	Kovacs	nhân vật	Phó hội trưởng Liên minh Thương mại Ireland
费里曼	Freeman	nhân vật	Cổ đông lớn nhất Liên minh Thương mại Ireland
庞贝里	Pompeii	nhân vật	Mark Pompeii — dạng đầy đủ của 庞贝
梅卡度	Mercado	nhân vật	Thị dân Bontar, thợ cũ Liên minh TM Ireland (mới từ ch.389)
坎比	Kanbi	nhân vật	Thợ rèn người lùn, kỹ thuật viên lái thử (chốt Kanbi, KHÔNG viết Kambi)
桑启顿	Sancton	địa danh	Trang viên Sancton / Khu công nghiệp Sancton
风系	hệ Phong	thuật ngữ	Các hệ ma pháp: hệ Phong, hệ Lôi, hệ Hỏa... (KHÔNG dịch "hệ Gió")
魔力发动机	động cơ ma lực	sản phẩm	风系魔力发动机 = động cơ ma lực hệ Phong
魔力摩托车	xe máy ma lực	sản phẩm (xe 2 bánh, phân biệt với 魔力机车=xe ô tô ma lực 4 bánh; chưa thấy xuất hiện trong chapters_zh đã dịch)
驾照	bằng lái	thuật ngữ	驾驶资格证 = giấy chứng nhận đủ điều kiện lái xe
司机	tài xế	thuật ngữ
物流	logistics	thuật ngữ	Dùng nguyên từ vay mượn
王国议会	Nghị viện Vương quốc	tổ chức
现代魔法屋	Nhà Ma thuật Hiện đại	sản phẩm
碧水蓝天	Nước Biếc Trời Xanh	địa danh	Khu biệt thự thương mại của Thương hội Amli
中产阶级	tầng lớp trung lưu	thuật ngữ
兰科	Lanko	nhân vật	Chủ tịch Thương hội Salank
文森特	Vincent	nhân vật	Chủ tịch Thương hội Armani
萨兰克商会	Thương hội Salank	tổ chức
克拉玛依城	thành Krammya	địa danh
安科魔力商会	Thương hội Ma lực An Khoa	tổ chức	Đối thủ cạnh tranh, dính nghi án gián điệp công nghệ
魔法阵同频共振技术	Kỹ thuật pháp trận cộng hưởng cùng tần số	thuật ngữ
阿姆络德	Amroid	nhân vật	Elf, quản lý nhà máy Nightsong
德丽尔	Delier	nhân vật	Elf, nữ, làm kinh doanh
米法姆	Mihm	nhân vật	Hoàng tử (bị bỏ qua trong tranh chấp kế vị)
安卡托	Ankato	nhân vật	Tổng giám đốc bộ phận Máy móc Ma thuật gia dụng, Thương hội Tân Phi
桑切利	Sancheri	nhân vật	Kỹ sư lập trình ma thuật, phát triển máy móc ma lực tự động
科尔玛·伦德斯	Kolma Lundes	nhân vật	Hội trưởng Thương hội Walmart (chốt: KHÔNG viết Landers/Lendus/Colmar)
汉克·威尔逊	Hank Wilson	nhân vật	Phó hội trưởng Thương hội Walmart
沃尔玛商会	Thương hội Walmart	tổ chức
埃丽卡	Erika	nhân vật	Nhân viên tiếp tân Thương hội Tân Phi
坎通纳	Kantona	nhân vật	Doanh nhân/tài xế logistics (chốt Kantona, KHÔNG viết Cantona)
艾利克	Alyc	nhân vật	Elf, quản lý nhà máy
波尔图	Porto	nhân vật	Người lùn, chuyên viên kỹ thuật vật liệu
切尔诺	Chelnov	nhân vật	Hội trưởng Hội thương Phi Độ
飞度商会	Hội thương Phi Độ	tổ chức	Sản xuất quạt/ấm ma lực ở thành Krammya
约瑟公爵	Công tước Jose	nhân vật	Khai thác quặng ở Krammya, hợp tác Tân Phi
米兰达	Miranda	nhân vật	Elf, tộc Moon Shadow, từ Công quốc Stan
琳达	Linda	nhân vật	Elf nữ
丽丝	Lisi	nhân vật	Elf nữ (chốt Lisi, KHÔNG viết Lisse)
卡洛琳郡主	Caroline	nhân vật	Quý tộc (郡主)
威纶	Waylon	nhân vật	Trưởng lão tộc Elf
新月商会	Thương hội Tân Nguyệt	tổ chức	Do Stella lập, quản lý công nhân đa chủng tộc
月影精灵	Moon Shadow Elf	chủng tộc	Tộc Elf từ Công quốc Stan
落星庄园	Trang viên Lạc Tinh	địa danh	Nhà riêng của Hứa Dịch
克里克	Crick	nhân vật	Quản lý khai thác, Thương hội Falcao
提伯斯	Tiberus	nhân vật	Nghiên cứu viên, trợ lý của Evita
杜萨	Dusa	nhân vật	Quản lý công trình, Thương hội Amli
普拉纳村	làng Plana	địa danh	Phía tây nam Bontar (chốt Plana, KHÔNG viết Purana)
雷米特商会	Thương hội Remit	tổ chức	Chuyên máy tiện ma lực (chốt Remit, KHÔNG viết Remidt)
穆勒	Muller	nhân vật	Sĩ quan hậu cần Quân đoàn Trấn Bắc
文莱	Venlay	nhân vật	Quản gia của Leslie
诺里	Nori	nhân vật	Sứ giả hoàng gia
米克	Mick	nhân vật	Thợ máy làng Plana
安杜因	Anduin	nhân vật	Cha của Mick, dân làng Plana
桑迪河	sông Sandy	địa danh	Sông cạnh thành Bontar
镇北军	Quân đoàn Trấn Bắc	tổ chức	Quân đồn trú biên giới bắc, dưới quyền Hoàng tử Aerick
贝拉	Bella	nhân vật	Nhà nghiên cứu, đồng nghiệp Akali
克莱尔	Claire	nhân vật	Nhà nghiên cứu, đồng nghiệp Akali
塞西莉亚	Cecilia	nhân vật	Bạn cũ của Stella
恩佐勒	Enzoler	nhân vật	Hội trưởng Thương hội Ramirite
奈辛里拍卖行	Nhà đấu giá Nacinli	tổ chức	Ở thành Anweimar
福莱多	Folado	nhân vật	Quý tộc Anweimar
索恩	Sorne	nhân vật	Ma đạo sư (tác giả nhật ký khí cụ bay ma thuật)
利法奥	Lifao	nhân vật	Đại ma đạo sư (chốt Lifao, KHÔNG viết Rifao/Lifaluo)
穆尔纳·利法奥	Murna Lifao	nhân vật	Con/cháu gia tộc Lifao
谢尔顿旅店	nhà trọ Sheldon	địa danh	Ở thành Anweimar (chốt Sheldon, KHÔNG viết Sheraton)
艾利克斯	Alexis	nhân vật	Cháu Heinze, quản lý chi nhánh Anweimar (chốt Alexis, KHÔNG viết Alex)
特鲁奇	Truki	nhân vật	Đại pháp sư từ Đảo Karaska (chốt Truki, KHÔNG viết Truchi/Terucci)
托雷斯	Torres	nhân vật	Đại pháp sư Lanpari
艾森卡	Eisenka	nhân vật	Đại pháp sư Lanpari (chốt Eisenka, KHÔNG viết Artisana)
艾伦	Allen	nhân vật	Hội trưởng Hiệp hội Pháp sư
德玛	Derma	nhân vật	Vệ sĩ/trợ lý Quốc vương Lanpari
索拉加	Solaga	địa danh	Phòng trưng bày nghệ thuật ở Anweimar
安利索尔	Anlisor	nhân vật	Quản lý Phòng trưng bày Solaga
罗伦城	thành Roleng	địa danh	Nơi Hoàng tử Aerick nhậm chức Thành chủ
卡拉斯加岛	Đảo Karaska	địa danh	Quê hương Đại pháp sư Truki
盎克鲁	Ankelu	nhân vật	Người của Công quốc Stan
西哈克王国	Vương quốc Xi Hack	quốc gia	Nước lân cận Lanpari phía Đông (chốt Xi Hack, KHÔNG viết Tây Hạk)
萨克王国	Vương quốc Sack	quốc gia	Nước đối địch (lưu ý phân biệt với Fasak 法萨克)
麦孔利	Maconli	nhân vật	Thiếu tá quân đội, phái quân sự
艾薇儿	Eviel	nhân vật	Ca sĩ Đoàn Tân Nguyệt (tộc Cáo)
帕拉梅斯	Parames	nhân vật	Đại sứ Vương quốc Xi Hack
索菲亚	Sophia	nhân vật	Vợ Kennard
布卡勒斯	Bukaroles	nhân vật	Pháp sư hạng 8 từ Công quốc Milano
斯坎迪·威尔	Scandi Weir	nhân vật	Bá tước, thành chủ thành Laimat
威尔家族	gia tộc Weir	tổ chức	Phái bảo thủ trong Vương quốc
米歇尔	Michele	nhân vật	Bá tước, thành chủ thành Duledon
隆利	Longli	nhân vật	Bá tước trẻ, thành chủ thành Baturu
莱玛特城	thành Laimat	địa danh
杜莱克顿城	thành Duledon	địa danh
巴特鲁城	thành Baturu	địa danh
瑟韦尔城	thành Cerwell	địa danh	(chốt Cerwell, KHÔNG viết Sewell)
诺顿城	thành Norton	địa danh
堪培拉城	thành Canberra	địa danh
克拉玛依城	thành Krammya	địa danh
米兰诺公国	Công quốc Milano	quốc gia	Có tài nguyên đất hiếm
稀土	đất hiếm	thuật ngữ
魔法阵同频共振技术	Kỹ thuật pháp trận cộng hưởng cùng tần số	thuật ngữ
哈特	Hart	nhân vật (đội trưởng hộ vệ đoàn xe Thương hội Tân Phi)
伊索斯	Isos	nhân vật (hộ vệ tộc Elf)
萨奇庄园	Trang viên Sachi	địa danh (trang viên sản xuất rượu ngon)
史卢比	Shilubi	nhân vật (tộc trưởng người lùn)
蒙托	Monto	nhân vật (tộc trưởng người lùn)
贪狼军团	Quân đoàn Tham Lang	tổ chức (quân đoàn Vương quốc Sack)
德拉尔	Delal	nhân vật (pháp sư cấp 8, phe Vương quốc Sack)
埃弗顿	Everton	nhân vật (tướng quân chỉ huy kỵ binh, phe Vương quốc Sack)
李努尔	Linur	nhân vật (quân đoàn trưởng Quân đoàn Tham Lang, chưa xuất hiện trực tiếp)
穆尔托山脉	dãy núi Multo	địa danh (đoạn biên giới bắc Vương quốc Lanpari do Quân đoàn Trấn Bắc trấn giữ)
里威尔	Rivel	nhân vật (tên riêng của Bá tước Longli trẻ — Bá tước Rivel Longli; ban đầu Thành chủ thành Baturu, từ ch.720-722 là Thành chủ thành Bontar — diễn biến cốt truyện)
湛蓝守护	Khiên Xanh Biếc	thuật ngữ (ma pháp hệ Thủy cấp 8)
莱万	Levan	nhân vật - thư ký phủ Thành chủ thành Laimat, dưới quyền Bá tước Weir
潘达	Panda	nhân vật - Đại sư chế tác đồ mỹ nghệ (bình ngọc hổ phách), nhắc thoáng qua
巴瑙河	sông Banao	địa danh - sông lớn nhất vùng đông bắc hành tỉnh Lanpari, chảy qua Công quốc Delac, Vương quốc Feno, đổ vào sông Sgain; không đóng băng mùa đông (có suối nước nóng)
费诺王国	Vương quốc Feno	quốc gia - nhắc thoáng qua, nằm trên dòng chảy sông Banao
斯盖因河	sông Sgain	địa danh - sông lớn mà sông Banao đổ vào, nhắc thoáng qua
杜兰特	Durant	nhân vật - Vương tử/Vương nữ thứ ba của Lanpari XIII (giới tính chưa rõ trong đoạn văn), không có khả năng tranh ngôi thực sự
老哈尔	lão Hal	nhân vật - nông dân ở làng gần thành Baturu, nấu món chân hươu hầm cho Bá tước Longli và Hứa Dịch
马拉尔	Malar	nhân vật (tướng quân đội cấm vệ thành Cerwell)
拉迪斯·桑普森	Ladis Sampson	nhân vật (Hội trưởng Liên hiệp Thương mại thành Cerwell / Thương hội Mậu dịch Melda)
美尔达贸易商会	Thương hội Mậu dịch Melda	tổ chức
瑟拉河	sông Sera	địa danh
瑟韦尔城商业联合会	Liên hiệp Thương mại thành Cerwell	tổ chức
王国守备军团第三军	Quân đoàn Thủ vệ Vương quốc	tổ chức
软泥魔力水晶	tinh thể ma lực mềm nhũn	thuật ngữ
桑普森	Sampson	nhân vật (Hội trưởng Thương hội Mậu dịch Meierda)
落雨谷地	thung lũng Rainfall	địa danh
沙克	Shak	nhân vật (thị dân Bontar)
罗尼	Roni	nhân vật (thị dân Bontar)
绿源果汁	nước ép Nguồn Xanh	sản phẩm (Thương hội Kantona)
墨西兰村	làng Mexilan	địa danh
坎比亚村	làng Kanbiya	địa danh
晨曦高档别墅住宅小区	khu biệt thự cao cấp Rạng Đông	địa danh (Thương hội Amli)
桑郎运河	kênh đào Sanglang	địa danh
波特	Porter	nhân vật (Hội trưởng Thương hội Porter)
波特会长	Hội trưởng Porter	nhân vật (Hội trưởng liên quan Thương hội Amli, nhờ Hứa Dịch giúp vụ kênh đào)
拉姆	Quản lý Lam	nhân vật (quản gia biệt viện Satsuma ở Anweimar)
法莱恩	Quản lý Falaine	nhân vật (quản lý mới Thương hội Tân Phi tại Anweimar, kế nhiệm Alexis)
郡主	Quận chúa	danh xưng (dùng cho Caroline; glossary ghi 'Quý tộc (郡主)' nhưng chưa chốt từ dịch cụ thể)
福马尔	Fumar	nhân vật (Nam tước, viên chức tài chính phủ Thành chủ Bontar)
波特商会	Thương hội Porter	tổ chức
米娅	Mia	nhân vật (vợ Porter, phó hội trưởng Thương hội Porter)
洛克汗	Lockhan	nhân vật (thủ lĩnh tộc Hổ trong Người thú)
魔力轮船	tàu ma lực	sản phẩm (Máy móc Ma thuật đường thủy đang nghiên cứu)
维多商会	Thương hội Vito	tổ chức (thương hội thành Cerwell)
喀布兰商会	Thương hội Cabral	tổ chức (thương hội thành Cerwell)
满星商会	Thương hội Munstar	tổ chức (thương hội thành Cerwell)
美孚商会	Thương hội Mobil	tổ chức
杜安·塞洛普	Dwayne Selop	nhân vật (Hội trưởng Thương hội Mobil)
罗菲勒商会	Thương hội Rockefeller	tổ chức
斯堪诺·奥威尔	Skander Orwell	nhân vật (Hội trưởng Thương hội Rockefeller)
香奈儿酒楼	tửu lâu Chanel	địa danh/tổ chức (nhà hàng ở Anweimar)
巴萨伯爵	Bá tước Basa	nhân vật (Phó chủ tịch Nghị viện Quý tộc Vương quốc Lanpari)
萨尔·利姆	Sal Lim	nhân vật (nghị viên Nghị viện Quý tộc)
黑米荒原	hoang nguyên Hắc Mễ	địa danh (quê hương tộc Người thú)
贵族议会 / 贵族评议会	Nghị viện Quý tộc / hội đồng thẩm định quý tộc	tổ chức/thuật ngữ (cơ quan xét duyệt tước vị quý tộc, khác Nghị viện Vương quốc)
巴萨	Basa	nhân vật (Bá tước, Phó nghị trưởng Nghị viện Quý tộc thành Anweimar)
萨克奇	Sarkis	nhân vật (lão nông vận chuyển hàng, gọi "lão Sarkis")
贝尔	Bell	nhân vật (xà ích riêng của Hứa Dịch, gọi "lão Bell")
奇美拉商会	Thương hội Chimera	tổ chức (đơn vị phát hành ngân phiếu vàng)
赛巴斯	Sebastian	nhân vật (giám đốc tài chính Thương hội Tân Phi)
沙隆·李努尔	Sharlon Lenur	nhân vật (quân đoàn trưởng Quân đoàn Tham Lang, Vương quốc Sack)
艾威·若昂	Ivo Joao	nhân vật (tham mưu trưởng dưới quyền Lenur, Vương quốc Sack)
贪狼军团 (cũng viết 贪婪军团)	Quân đoàn Tham Lang	tổ chức (quân đội Vương quốc Sack đóng ở dãy núi Murto)
塞维	Sevi	nhân vật (em trai của Akali, 18 tuổi)
晨曦小区	khu Rạng Đông	địa danh (khu biệt thự cao cấp mới ở thành Bontar)
雷克顿商会	Thương hội Lekton	tổ chức
雷尔萨	Reilsa	nhân vật (hội trưởng, chỉ được nhắc tên, chưa xuất hiện trực tiếp)
切嗣男爵	Nam tước Kesse	nhân vật
比利尔	Biliel	nhân vật (Nam tước Biliel)
邦塔城魔法机械商业协会	Hiệp hội Thương nghiệp Máy móc Ma thuật thành Bontar	tổ chức
沃克	Walker	nhân vật (hội trưởng thương hội buôn lậu hàng Tân Phi vào Sack)
艾玛家族	gia tộc Emma	tổ chức (gia tộc xuất thân của Kennard)
斯塔克公爵	Công tước Stark	nhân vật (gia chủ gia tộc Stark, khác Bá tước Stark thành chủ Bontar)
亚拉多	Arado	nhân vật (Elf, chủ quản nhà máy phân bón Sancton, xuất thân tộc Moon Shadow)
佩拉尔	Pelar	nhân vật (quý tộc nhỏ, bạn của Nam tước Bilier, chủ chiếc xe hơi ma lực bị Hứa Dịch phá)
科罗尔村	làng Korol	địa danh (làng trồng cây ăn quả gần thành Bontar)
比利尔男爵	Nam tước Bilier	nhân vật, quý tộc say rượu gây tai nạn xe với Cervini
巴萨鲁城	thành Basalu	địa danh, thành phố trung lập trong tranh chấp kế vị
艾玛侯爵	Hầu tước Emma	nhân vật, cha của Kennard
伊尔丹	Ildan	nhân vật, kỹ sư Elf duy nhất của Trung tâm nghiên cứu phát triển máy tiện ma lực
卡夫	Kaff	nhân vật, kỹ sư con người dưới quyền Kanbi
沃勒尔狼人部落	bộ lạc Người Sói Voller	chủng tộc/tổ chức, nơi Hội trưởng Cruz đang có mặt
坎艾诺·卡马杜伯爵	Bá tước Kanaino Kamadu	nhân vật (Thành chủ mới thành Bontar, kế nhiệm Cervini)
桑朗运河	kênh đào Sanglang	địa danh (kênh nối sông Sandy và sông Rum)
朗姆河	sông Rum	địa danh (một trong hai sông chính của Vương quốc Lanpari)
兰帕里周报	Tuần báo Lanpari	tổ chức (báo chí, khác Nhật báo Bontar)
魔法工业管理署	Cục quản lý ma pháp công nghiệp	tổ chức (cơ quan mới của Nghị viện Vương quốc, do Công tước Stark kiêm nhiệm Cục trưởng)
王国魔法研究院	Viện nghiên cứu Ma pháp Vương quốc	tổ chức (viện nghiên cứu cấp vương quốc, khác Viện nghiên cứu Ma thuật của riêng Thương hội Tân Phi)
守备军团第三军	Quân đoàn Trấn Thủ số Ba	tổ chức (đơn vị quân đội đồn trú tại thành Cerwell)
卡马杜	Kamadu	nhân vật (Thành chủ mới thành Bontar, thay Cervini)
德诺·拉塞尔	Deno Russell	nhân vật (Cục trưởng Cục Quản lý Công nghiệp Ma pháp)
纳西	Nash	nhân vật (cựu chủ biên Nhật báo Bontar)
法里奥	Fario	nhân vật (chỉ huy nhóm chiến binh Elf, ứng viên vệ sĩ riêng)
纳鲁	Naru	nhân vật (người lùn, quản đốc xưởng luyện thép Thương hội Tân Phi)
洛克菲勒商会	Thương hội Rockefeller	tổ chức (1 trong 10 thương hội được Cục Quản lý Công nghiệp Ma pháp chỉ định, hậu thuẫn gia tộc Stark)
拉法利商会	Thương hội Lafali	tổ chức (1 trong 10 thương hội chỉ định, nhận công nghệ xe ô tô ma lực)
商业署	Cục Thương mại	tổ chức (cơ quan vương quốc quản lý thương mại/thuế quan)
异种族管理署	Cục Quản lý Dị chủng tộc	tổ chức (cơ quan vương quốc quản lý dị chủng tộc)
贵族议会	Nghị viện Quý tộc	tổ chức (khác Nghị viện Vương quốc đã có trong glossary — cơ quan quý tộc xét/thu hồi tước vị)
萨姆	Sam	nhân vật (thanh niên làng Mesilan, cháu họ Sacchi)
安杰特商会	Thương hội Anjet	tổ chức (thương hội chuyên sản xuất xe đạp, đối thủ mới của Tân Phi)
布鲁夫	Brough	nhân vật (Trưởng bộ phận xe đạp, Thương hội Tân Phi)
魔法飞艇	máy bay ma pháp	sản phẩm (khí cụ bay chở 18 người, khác 魔力飞艇 = "máy bay ma lực" đã có trong glossary; dùng gốc 魔法 nên dịch "ma pháp" thay vì "ma lực")
安杰特	Anjet	tổ chức (thương hội đối thủ, hãng xe đạp; hội trưởng là Verol Anjet)
巴特鲁	Baturu	nhân vật
奥玛	Oma	nhân vật
阿法利亚	Afaria	nhân vật
亚奇	Yaqi	nhân vật
蕾雅	Leya	nhân vật
无尽之海	biển Vô Tận	địa danh
兰帕里王国西部镇守军团	Quân đoàn Trấn Tây	tổ chức
安普利斯顿	Ampliston	địa danh
洛菲勒/洛菲克	Lofler	nhân vật
普林顿	Printon	nhân vật
纽曼	Newman	nhân vật
菲尔	Phil	nhân vật
米兰多河	sông Milano	địa danh
米兰多公国	Công quốc Milano	quốc gia
鲁尔顿公国/鲁尔逊公国/鲁尔逊王国	Vương quốc Rulson	quốc gia
美亚商会	Thương hội Meya	tổ chức (thương hội do phủ Thành chủ chỉ định thẩm định đất đai, đối đầu Thương hội Amli)
安普利斯顿(小镇)	thị trấn Amplyston	địa danh (thuộc Công quốc Mirando, căn cứ sản xuất mới của Tân Phi)
斯坦丁海滨花园(小区)	khu Vườn Ven Biển Stan	địa danh/dự án (khu dân cư do Thương hội Amli quy hoạch ở Công quốc Stan)
阶段性变导飓风法阵	Pháp trận Cuồng phong Biến tốc Theo Giai đoạn	thuật ngữ (pháp trận đa cấp tốc độ cho phi đĩnh ma lực)
魔力机床研发中心	Trung tâm Nghiên cứu Phát triển Máy công cụ Ma lực	tổ chức
弗兰伯爵	Bá tước Fran	nhân vật (lãnh chúa Công quốc Stan, đối địch với Lãnh chúa Waylon)
斯坦丁大公	Đại công tước Stan	danh xưng (người đứng đầu Công quốc Stan)
罗孚男爵	Nam tước Rover	nhân vật (罗孚 = phiên âm chuẩn tiếng Trung cho thương hiệu xe Anh "Rover", theo mẫu Filson/Walmart/Armani đã có trong glossary)
马卡罗	Marcalo	nhân vật (công nhân/trợ lý của Kantona)
早田商会 / 早田牌	Thương hội Sorden / hiệu Sorden	tổ chức + sản phẩm (thương hội máy móc ma lực nông nghiệp được thành phủ ưu ái, chất lượng kém, đối thủ của Tân Phi)
柯达家族	gia tộc Kodak	tổ chức (chủ sở hữu Thương hội Sorden; 柯达 = phiên âm chuẩn tiếng Trung cho "Kodak")
瓦里安·兰蒂斯	Varian Lantis	nhân vật (Đô đốc đương nhiệm Quân đoàn Trấn Tây Vương quốc Lanpari)
镇西军	Quân đoàn Trấn Tây	tổ chức (quân đội vương quốc phía tây, tương tự mẫu "Quân đoàn Trấn Bắc" đã có trong glossary)
卡马杜(城主)	Thành chủ Kamadu	nhân vật/danh xưng (Thành chủ thành Bontar được Nam tước Rover nhắc tới, chưa xuất hiện trực tiếp)
早田	Tảo Điền	thương hiệu/thương hội (đối thủ cạnh tranh, sản xuất Máy móc Ma lực nông nghiệp chất lượng kém)
底特律商会	Thương hội Detroit	tổ chức (một trong 10 thương hội do Cục QLCN Ma pháp chỉ định, luyện thép kém chất lượng)
农业署	Sở Nông nghiệp	tổ chức (cơ quan chính phủ)
安威玛尔日报	Nhật báo Anweimar	tổ chức (báo chí, chủ biên Nam tước Hainas)
夜歌部族	tộc Night Song	chủng tộc/thị tộc Elf (khác với 影歌 Shadowsong; tộc của Trưởng lão Alucia)
费斯塔林	Festalin	nhân vật (Công tước, biệt danh 'Diều hâu Lanpari', bị khép tội phản quốc)
科莱博城	thành Colebo	địa danh (thành tuyên bố độc lập)
阿诺比	Arnobi	nhân vật (Bá tước, thành chủ Colebo)
弗兰	Fran	nhân vật (Bá tước, đối thủ của lãnh chúa Waylon, tử trận)
艾露希亚	Elysia	nhân vật (trưởng lão tộc Night Song)
利桑亚	Lisania	nhân vật (trưởng lão tộc Shadow Moon)
黑米荒原/黑米城	hoang nguyên Heimi / thành Heimi	địa danh (trung tâm công nghiệp ma pháp mới của các thương hội)
兰蒂斯	Lantis	nhân vật (Đề đốc Lantis, chỉ huy Quân đoàn Trấn Tây)
提督	Đề đốc	danh xưng (chức quân sự chỉ huy Quân đoàn Trấn Tây)
黑米城	thành Hắc Mễ	địa danh
黑米城商业联合会	Liên minh Thương mại thành Hắc Mễ	tổ chức
韦德克	Wedeck	sản phẩm/tổ chức (nhãn hiệu quạt ma lực, Thương hội Wedeck)
里格	Rigg	sản phẩm (nhãn hiệu quạt ma lực)
思路邦德	Silubond	sản phẩm (nhãn hiệu quạt ma lực, viết tắt 思路牌 cũng dịch Silubond)
艾丽曼	Ailman	nhân vật (bà Ailman, vợ lão Kochi)
库奇	Kochi	nhân vật (lão Kochi, dân Bontar)
恩里克	Enrique	nhân vật (Tử tước Enrique)
塔格城	thành Tage	địa danh
大执事	Đại chấp sự	danh xưng (quản gia cấp cao của Cervini)
嘉文	Gavin	nhân vật (con trai út Tổng quản Derma)
库拉卡城	thành Kulaka	địa danh (thủ đô Vương quốc Rulson)
尼西城	thành Nixi	địa danh (cảng biển lớn nhất Rulson)
鲁兰公路	quốc lộ Lulan	địa danh (đường chính xuyên Rulson)
托尔侯爵	Hầu tước Tor	nhân vật
艾玛伯爵	Bá tước Emma	nhân vật (cha của Kennard)
肯瑞托男爵学院	Học viện Nam tước Kenrito	tổ chức
温德科·威瑟斯庞	Wendko Witherspoon	nhân vật (Trưởng ty Quản lý Nông nghiệp và Thương mại, Vương quốc Rulson)
贝里·韦斯利	Bailey Wesley	nhân vật (Hội trưởng Ủy ban Phát triển Công nghiệp Ma pháp, Nghị viện Rulson)
哈坎因 (cũng viết 哈坎印 trong bản gốc, cùng một người)	Hakain	nhân vật (Đại sứ Đế quốc Kendra tại Vương quốc Rulson)
库莱比	Kulaibi	nhân vật (Bá tước, Trưởng ty Ngoại vụ Vương quốc Rulson)
洛波特尼·特鲁茨 / 特鲁茨国王	Lobotny Terutz / Quốc vương Terutz	nhân vật (đương kim Quốc vương Vương quốc Rulson)
农业和商业管理署	Ty Quản lý Nông nghiệp và Thương mại	tổ chức (cơ quan chính phủ Vương quốc Rulson)
魔法工业发展委员会	Ủy ban Phát triển Công nghiệp Ma pháp	tổ chức (trực thuộc Nghị viện Rulson)
外务署	Ty Ngoại vụ	tổ chức (cơ quan ngoại giao Vương quốc Rulson)
哈坎因	Hakain	nhân vật
马洛克·库勒	Malok Kule	nhân vật
威廉	William	nhân vật
魔法元老院	Viện Nguyên lão Ma pháp	tổ chức
瑞克托男爵魔法学院	Học viện Ma pháp Nam tước Rickto	tổ chức
肖邦那	Shobanna	nhân vật (Thống lĩnh lính canh thành Bontar)
弗丁格	Fottinger	nhân vật (Viện trưởng Học viện Ma pháp Nam tước Rickto)
姆洛克	Molok	nhân vật (Đội trưởng kỵ binh cận vệ riêng của Cervini)
萨马拉	thị trấn Samara	địa danh
阿尔莉雅	Arlia	nhân vật (Elf, một trong 5 cô gái Trưởng lão Lisanya gửi tới Hứa Dịch)
威廉王子	Vương tử William	nhân vật (con trai Aerick, kế vị ngôi vua Lanpari lúc 5 tuổi)
达纳苏斯	thành Darnassus	địa danh (thành Ánh Trăng cổ xưa của tộc Elf, xây trên Thế giới thụ)
斯鲁公路	đường Silu	địa danh (tuyến quốc lộ do Thương hội Tân Phi xây dựng, đang thi công giai đoạn 2)
阿布丹特河	sông Abundant	địa danh (nghĩa "con sông trù phú", ở Công quốc Stan, ranh giới lãnh địa Hứa Dịch/Bá tước Waylon)
弗兰 / 弗兰伯爵	Bá tước Fran	nhân vật (lãnh chúa bị Bá tước Waylon đánh bại trước đây, chỉ được nhắc tên)
威纶 (伯爵/领主, Công quốc Stan)	Bá tước Waylon / Lãnh chúa Waylon	nhân vật — LƯU Ý: đây là một lãnh chúa nhân loại khác ở Công quốc Stan, TRÙNG romanization "Waylon" với Trưởng lão Elf 威纶 đã có trong GLOSSARY (dòng 125) và thành Waylon (dòng 50). Hai nhân vật hoàn toàn khác nhau, đề nghị khi cập nhật GLOSSARY ghi rõ chú thích phân biệt hai thực thể cùng tên.
艾伦伯爵	Bá tước Allen	nhân vật - cha của Kennard (LƯU Ý: trùng tên Hán Việt với 艾伦=Allen, Hội trưởng Hiệp hội Pháp sư đã có trong glossary — là 2 người khác nhau, cùng phiên là Allen theo mặt chữ zh)
邦塔城特别行政处	Cơ quan Hành chính Đặc biệt thành Bontar	tổ chức - do Vương quốc Lanpari lập ra quản lý thung lũng Rainfall sau khi Tân Phi hồi hương
全自动预控制魔力车床	máy tiện ma lực tự động điều khiển trước	sản phẩm - phát minh mới của Sancheri, tương đương máy tiện CNC
赛娜	Sena	nhân vật (vợ Afaria)
罗孚托村	làng Rofoto	địa danh (quê Torres, gần Bontar)
艾杜卡	Aiduka	nhân vật/gia đình (họ hàng Afaria)
洛佩斯	Lopez	nhân vật/gia đình (họ hàng Afaria)
杜乐铎	Duledo	nhân vật/gia đình (họ hàng Afaria; PHÂN BIỆT với thành Duledon 杜莱克顿城 đã có trong glossary)
巴萨卡	Basaka	nhân vật (phụ trách tuyển dụng Thương hội Tân Phi)
涅瓦尔	Nieval	nhân vật (thuyền trưởng tàu Sải Cánh)
斯米尔顿	Smelton	nhân vật (đảo chủ/Vua Hải Tặc Đảo Karaska)
撒克逊岛	đảo Saxon	địa danh (đảo có mỏ sắt gần Karaska)
展翅号	tàu Sải Cánh	sản phẩm (tàu chở hàng ma lực cỡ lớn đầu tiên của Thương hội Tân Phi, dịch nghĩa theo quy ước tên sản phẩm/công trình coined tiếng Trung)
黑米港口	Cảng Heimi	địa danh
莱利	Riley	nhân vật (Chủ nhiệm công trình Thương hội Amli phụ trách Xa lộ Sturol)
微梦之森	rừng Duskdream	địa danh (rừng của tộc Elf Moon Shadow tại Công quốc Stan, dịch nghĩa sang tiếng Anh theo quy ước đặt tên vùng Elf)
艾露希亚长老	Trưởng lão Alucia	nhân vật (chuẩn hóa theo GLOSSARY: 阿卢西亚/艾露希亚 đều = Alucia)
利桑亚长老 (chữ 利桑亚, biến thể của 莉珊娅)	Trưởng lão Lisanya	nhân vật (chuẩn hóa theo GLOSSARY: Lisanya Shadowsong)
战争古树	Cổ Thụ Chiến Tranh	thuật ngữ (vũ khí/sinh vật cổ xưa mạnh nhất của tộc Elf, do Lisanya nhắc tới)
瑞纳	Rena	nhân vật (Đại pháp sư, sát thủ thuê bởi Đại công tước Stan, sau được Hứa Dịch chiêu mộ)
阿修罗	A Tu La	biệt danh nhân vật (Rena tự xưng, không phải tên riêng chính thức)
斯坦丁大公 (大公)	Đại công tước Stan	danh xưng
法拉第城	thành Faraday	địa danh
菲斯	Fisk	nhân vật (chủ quản nhà máy liên doanh Quạt Ma lực)
里维斯	Reeves	nhân vật (phụ trách thương hội của vương thất Lanpari)
安邦公路	quốc lộ An Bang	địa danh (tuyến đường nối thành Bontar và thành Anweimar)
新飞自行车系列大奖赛	Giải Đại thưởng Xe đạp hệ liệt Tân Phi	sự kiện/tổ chức (giải đua xe đạp chuyên nghiệp do Thương hội Tân Phi khởi xướng)
兰帕里能源商会	Thương hội Năng lượng Lanpari	tổ chức (thương hội năng lượng mới do vương thất Lanpari dự định lập cùng Thương hội Tân Phi)
新月大剧院	Nhà hát lớn Tân Nguyệt	địa danh
新月歌舞团	Đoàn ca vũ Tân Nguyệt	tổ chức
艾萨拉部族	tộc Aisara	chủng tộc/thị tộc Elf
柯莱勒	Corler	nhân vật (Tướng quân, tư lệnh Hạm đội số 1 Vương quốc Sack)
天空之城	Thiên Thành	địa danh	Nơi đặt tổng hội Pháp sư — CHỐT "Thiên Thành" (2026-07-18, user chê "Thành Trên Trời" nghe ngố, đã sửa lại chương cũ 0651,0817-0819,0831-0832), KHÔNG viết "Thành Trên Trời" nữa
黑米荒原/黑米城/黑米港口	hoang nguyên Hemi / thành Hemi / cảng Hemi	địa danh
猎豹军团	Quân đoàn Báo Săn	tổ chức (quân đội Vương quốc Sack)
斯坦丁公国国务委员会/国会	Nghị viện Công quốc Stan	tổ chức (do Hứa Dịch lập ra thay vì xưng Đại công tước)
补魔站	trạm bổ sung ma lực	thuật ngữ/sản phẩm (trạm tiếp ma lực cho xe ô tô ma lực)
魔法通话盒	hộp liên lạc ma pháp	sản phẩm
雷登·哈坎因	Reiden Hakain	nhân vật (Đại sứ Đế quốc Kendra tại Vương quốc Rulson)
温布尔登城	thành Wimbledon	địa danh (kinh đô Đế quốc Kendra)
圣光教廷	Giáo đình Ánh Sáng	tổ chức
泰瑞莎	Theresa	nhân vật — LƯU Ý: rất giống 特蕾莎=Theresa Ica đã có trong GLOSSARY; nhiều khả năng cùng một người (lỗi đánh máy hanzi trong nguyên tác), đã dịch thống nhất là Theresa; đề nghị người kiểm duyệt đối chiếu lại khi rảnh
多罗卡兰/多兰卡罗/罗兰卡罗	Dolancarlo	nhân vật — Tử tước, cha của Theresa, quan tài chính Vương quốc Sack bị xử tru di vì tội phản quốc; LƯU Ý nguyên tác zh dùng 3 biến thể hanzi khác nhau cho cùng một tên (lỗi gõ của tác giả), đã thống nhất dịch một tên duy nhất
多米克城	thành Domik	địa danh — nơi Tử tước Dolancarlo làm quan tài chính, thuộc Vương quốc Sack
落雨公路	đường Rainfall	địa danh/thuật ngữ (đã dùng theo ROLLING_SUMMARY, nay xuất hiện trực tiếp trong văn bản)
帕萨罗·里格	Pasaro Rigg	nhân vật (Hội trưởng Thương hội Rigg)
里格商会	Thương hội Rigg	tổ chức (một trong sáu thương hội có công nghệ độc đáo về Quạt Ma lực)
魔力空调	Điều hòa Ma lực	sản phẩm (viết hoa theo quy ước như Quạt Ma lực)
魔力火炉	Lò sưởi Ma lực	sản phẩm
大型货运魔力机车	xe tải ma lực cỡ lớn	sản phẩm (phân biệt với xe ô tô ma lực nhỏ đã có trong glossary; đây là xe tải chở hàng 20 tấn)
诺阿/阿莱恩·诺阿	Noah / Alain Noah	nhân vật (phục vụ tửu lâu, sau thành nhân viên hậu mãi Tân Phi)
贝蒂	Betty	nhân vật (thị nữ vương cung, được ban cho Hứa Dịch)
卡萝	Carol	nhân vật (thị nữ vương cung, được ban cho Hứa Dịch)
梅斯	Mace	nhân vật (thủy thủ canh gác, thuộc hạ của Nevar)
朝阳号	tàu Triêu Dương	vật thể (tàu ma lực)
胜利女神伊利斯号	tàu Nữ thần Chiến thắng Iris	vật thể (tàu ma lực)
雷格萨尔	Ragsal	nhân vật - thủ lĩnh Đoàn hải tặc Lôi Minh
雷鸣海盗团	Đoàn hải tặc Lôi Minh	tổ chức - băng hải tặc
索斯·卡格	Sos Kag	nhân vật - vua hải tặc bị bắt
米利托伯爵	Bá tước Milito	nhân vật - Thành chủ thành Nixi
海耶斯	Hayes	nhân vật - thủy thủ gốc đảo Karaska
新月节杖	Trượng Trăng Non	vật phẩm - bảo vật cổ của tộc Aisara
萨拉艾托亚·西露芙·桑迪·月影·利桑亚	Saraetoya · Silouf · Sandy · Moon Shadow · Lisanya	nhân vật - tên đầy đủ của Trưởng lão Lisanya
瑟勒莱斯·安薇尔·艾萨拉·温蒂尼	Celaris · Anvier · Aisara · Wendini	nhân vật - Trưởng lão bộ tộc Aisara
露米	Lumi	nhân vật - cô gái tộc Gnome (bản gốc có chỗ ghi nhầm 雷米, chuẩn hóa Lumi)
塔纳家族	gia tộc Tana	tổ chức - gia tộc Gnome của Lumi
侏儒/侏儒族	Gnome / tộc Gnome	chủng tộc - chủng tộc nhỏ bé tuổi thọ dài, phân biệt với 矮人=người lùn
侏儒	Gnome	chủng tộc — tộc riêng biệt với người lùn (矮人), giữ nguyên từ tiếng Anh như Elf
温蒂尼	Wendini	nhân vật — Trưởng lão tộc Elf, người triệu Hứa Dịch gặp Lumi
兰多夫	Randolph	nhân vật — Hội trưởng thương hội hương liệu/gỗ ở thành Nixi
孔帕尼伯爵	Bá tước Compani	nhân vật — tân Thành chủ thành Nixi; KHÁC công nhân Compani ở Arafat (ch.998)
特鲁茨国王	Quốc vương Terutz	nhân vật — vua Vương quốc Rulson
雷鸣岛	đảo Sấm Rền	địa danh — đảo nhỏ phát hiện trên hải trình của hạm đội
多米诺商会	Thương hội Domino	tổ chức — đối thủ cạnh tranh, lôi kéo công nhân Tân Phi
卢瑟	Luther	nhân vật — (1) công nhân bị Tân Phi sa thải vì đình công, bạn thân Archie; (2) pháp sư cấp 2 Tân Phi tốt nghiệp Học viện Tân Phi, bị Cyril dò hỏi quán rượu (ch.959-960) — TRÙNG romanization, 2 người khác nhau
露娜	Luna	nhân vật (công nhân xưởng lắp ráp Quạt Ma lực)
佐努克	Zanuk	nhân vật (quản đốc xưởng gia công hàn thép tấm)
魔能	ma năng	thuật ngữ (công nghệ/năng lượng đặc trưng của tộc Gnome, phân biệt với 'ma lực')
魔力机床	máy công cụ ma lực	sản phẩm (máy công cụ/máy tiện chạy bằng ma lực; có loại bán tự động và toàn tự động)
诺顿公国	Công quốc Norton	quốc gia (dùng chung tên Latin với thành Norton đã có trong glossary)
诺克萨斯镇	thị trấn Noxus	địa danh (trong Công quốc Norton, gần hồ Minh Kính)
安菲尔河	sông Amfir	địa danh (sông lớn nhất Công quốc Norton)
安菲尔	Amfir	nhân vật lịch sử (nữ võ giả loài người, truyền thuyết đặt tên sông)
明镜湖	hồ Minh Kính	địa danh (hồ trong Công quốc Norton, dịch nghĩa Hán Việt)
安普利顿	Ampleton	địa danh (tên rút gọn khi Amplestone lớn thành thành phố)
瑞卡福公国	Công quốc Reicafo	quốc gia
玛沃尔	Marwell	nhân vật (chủ quán rượu ở thị trấn Noxus)
纳尔	Narl	nhân vật (quản đốc công trường Thương hội Amli tại Công quốc Norton)
诺克萨斯	Noxus	địa danh (thị trấn, Công quốc Norton)
米兰多公国/米兰多河	Công quốc Mirando / sông Mirando	quốc gia/địa danh
安科·艾伦	Anke Allen	nhân vật (Hội trưởng Thương hội Ma lực An Khoa; trùng âm Allen với Hội trưởng Hiệp hội Pháp sư đã có trong glossary nhưng là người khác)
瑟维尼城	thành Cervini	địa danh (đặt theo tên Nữ vương Cervini)
威纶大公	Đại công tước Waylon	nhân vật (LƯU Ý: khác với Waylon-Trưởng lão tộc Elf đã có trong glossary; đây là quý tộc Vương quốc Sack cùng tên)
侏儒族	tộc Gnome	chủng tộc
波特鲁	Botlu	nhân vật (người lùn, kỹ sư pháo ma lực)
诺兹多姆商业联合王国	Vương quốc Liên hiệp Thương mại Nozdrom	quốc gia (13 thương hội liên hợp lập quốc)
加沙	Gasha	nhân vật (Hội trưởng liên tịch, đại diện Nozdrom)
华约商会	Thương hội Huayue	tổ chức (1 trong 13 thương hội của Nozdrom)
托尔多	Toldo	nhân vật (kỹ sư nhân loại, tổ trưởng dự án xe pháo ma lực)
法尔克王国	Vương quốc Falke	quốc gia (đông bắc Công quốc Delac)
塔克林小镇	thị trấn Taklin	địa danh (khu mậu dịch tự do Lanpari-Sack)
星原城	thành Tinh Nguyên	địa danh (Vương quốc Sack, gần dãy núi Muerto)
多罗姆	Dorom	nhân vật (phó đoàn trưởng Đoàn hải tặc Lôi Minh, ch.700-709)
死神海盗团	Đoàn hải tặc Thần Chết	tổ chức (băng hải tặc lớn, bị Leslie tiêu diệt ch.703; "cấp Thần Chết" = tính từ chỉ tàu của băng này)
弗兰克	Franck	nhân vật (Hoàng tử Đế quốc Kendra; tên đầy đủ 弗兰克·德波尔 = Franck Debor)
布朗妮娅	Brownia	nhân vật (ca sĩ Elf tộc Moon Shadow, Đoàn ca vũ Tân Nguyệt)
劳德萨克	Laudesak	nhân vật (nông dân Vương quốc Lanpari, hành tỉnh tây bắc)
马卡林商会	Thương hội Macarin	tổ chức (thương hội tuyển công nhân, đối thủ mới, xuất hiện ch.709)
约德尔	Yoder	nhân vật (phó chủ quản nhân sự Thương hội Ma lực An Khoa, ch.710-714)
格布	Gerbo	nhân vật (thuộc hạ/đầu lĩnh Thương hội Macarin, ch.710-714)
瑟格拉	Segra	nhân vật (Hội trưởng Thương hội Macarin, chỉ được nhắc tên, ch.710-714)
科莫	Como	nhân vật (chủ quản trang viên riêng của Hoàng tử Franck Debor, ch.710-714)
坎多雷	Kandore	nhân vật (Phó tư lệnh Hạm đội Hoàng gia số Ba Đế quốc Kendra, ch.716-717)
多尔	Dol	nhân vật (phó quan truyền lệnh dưới quyền Kandore, ch.716)
雷霆级	hạng Lôi Đình	thuật ngữ (lớp chiến hạm siêu cỡ lớn của Đế quốc Kendra, ch.716-719)
暴雨级	hạng Bạo Vũ	thuật ngữ (lớp chiến hạm cỡ trung của Đế quốc Kendra, ch.716-719)
邦塔城大剧院	Nhà hát lớn thành Bontar	địa danh (nhà hát ở thành Bontar, nơi Hứa Dịch và Stella ra mắt sản phẩm mới, ch.720-721)
梅塔莉	Metali	nhân vật (cô gái tộc Cáo trong Đoàn ca vũ Tân Nguyệt, múa đẹp nhất nhưng đãng trí, ch.725)
伊莉莲·苏菲	Elyrian Sophie	nhân vật (vũ công biên đạo múa cho Đoàn ca vũ Tân Nguyệt, ch.725)
魔力幻象投影仪	Máy chiếu Ảnh ảo Ma lực	thuật ngữ (sản phẩm Máy móc Ma thuật gia dụng, Tân Phi + Tân Nguyệt hợp tác, pháp trận ảo ảnh học từ tộc Aisara, ch.725-729)
影视娱乐基地	Khu Điện ảnh Giải trí	thuật ngữ (ý tưởng Hứa Dịch đề xuất xây tại thị trấn tộc Aisara, ch.728-729)
艾萨拉城	thành Aisara	địa danh (tên tương lai của thị trấn tộc Aisara đang xây ở Vương quốc Rulson, ch.727)
多兰商会	Thương hội Dolan	tổ chức	Thương hội sở hữu Đoàn ca vũ Dolan, đối tác hợp tác làm phim ảo ảnh với Stella (ch.731)
多兰歌舞团	Đoàn ca vũ Dolan	tổ chức	Đoàn ca vũ trực thuộc Thương hội Dolan (ch.731)
贝隆·兰多夫	Belon Randolph	nhân vật	Hội trưởng Thương hội Dolan (ch.731) - LƯU Ý khác với 兰多夫/Randolph dòng 442 (hội trưởng thương hội hương liệu/gỗ ở Nixi), chỉ trùng họ
萨姆罗	Samro	nhân vật	Nhân viên thử nghiệm hộp liên lạc ma pháp tại tháp tín hiệu (ch.732)
雷米托·罗素	Remito Russell	nhân vật	Phó Tham mưu trưởng Bộ Tham mưu Hải quân Đế quốc Kendra, gọi tắt "đại nhân Russell"/"ngài Russell" (ch.733-)
约德尔酒楼	Tửu lâu Yoder	địa danh	Tên quán rượu - LƯU Ý khác với nhân vật Yoder dòng 481 (phó chủ quản An Khoa), chỉ trùng tên phiên âm
新月小镇	thị trấn Tân Nguyệt	địa danh	Thị trấn của Thương hội Tân Phi (ch.733-), cùng gốc với Thương hội Tân Nguyệt
阿姆利酒店	Khách sạn Amli	địa danh	Khách sạn cao nhất thị trấn Tân Nguyệt do Thương hội Amli xây (ch.734)
曼奇尼	Mancini	nhân vật	Tổng quản, đại diện đàm phán của Hoàng tử Franck Debor (Đế quốc Kendra), thái độ ngạo mạn, coi thường Hứa Dịch (ch.736-742)
柯戈茨	Kogotz	nhân vật	Quản gia của Nam tước Bilier, chỉ xuất hiện thoáng qua (ch.735)
哈弗·坎迪	Harve Kandi	nhân vật	Thanh niên gầy yếu, đại diện tay đua do Hoàng tử Franck cử tới giải đua xe (ch.741-742)
戴丽	Daili	nhân vật	Nữ MC tộc Hổ dẫn chương trình truyền hình trực tiếp giải đua xe bằng pháp trận ảo ảnh (ch.741)
加恩·索隆	Gaen Solon	nhân vật	Thuyền trưởng soái hạm, phó quan của Leslie (ch.744)
姆洛克	Molok	nhân vật	Tay đua người lùn tham gia giải đua xe (ch.742) - LƯU Ý khác với Molok Đội trưởng kỵ binh cận vệ riêng của Cervini, chỉ trùng tên phiên âm
溯风号	tàu Nghịch Phong	địa danh	Soái hạm của Leslie (ch.744)
拓远号	tàu Thác Viễn	địa danh	Tàu chở hàng ma lực cỡ lớn (ch.744)
里约尔城	thành Rioer	địa danh	Thuộc Vương quốc Rulson
桑奇商会	Thương hội Sanchi	tổ chức	Chuyên chế Đèn Ma thuật ở thành Rioer, dùng lao động nô lệ, bị Rulson đình chỉ vì vi phạm kiểm định
克莱斯勒·伊索瑞	Kreisler Isore	nhân vật	Tham mưu trưởng Hải quân Đế quốc Kendra, cấp trên trực tiếp của Russell
马丁	Martin	nhân vật	Xà ích riêng của Russell
索图男爵	Nam tước Sotu	nhân vật	Vai phụ, chỉ nhắc thoáng qua
侯赛因伯爵	Bá tước Hussein	nhân vật	Vai phụ, chỉ nhắc thoáng qua
比利尔·斯塔克	Bilier Stark	nhân vật	Họ đầy đủ của Nam tước Bilier (chỉ dùng "Bilier" thông thường). Trùng họ "Stark" với Bá tước/Công tước Stark có sẵn — chưa rõ quan hệ huyết thống, chỉ trùng họ
克鲁斯克王国	Vương quốc Crusk	tổ chức	CHỐT "Crusk" (KHÔNG viết "Krusk"). Liên minh hải tặc trên biển Vô Tận, hơn 6 vạn hải tặc, bị Thương hội Tân Phi tiêu diệt hoàn toàn trong ch.757-759
克鲁斯克海盗团	Đoàn hải tặc Crusk	tổ chức	Thuộc Vương quốc Crusk
克鲁斯克千岛联合王国	Vương quốc Liên hiệp Ngàn Đảo Crusk	tổ chức	Tên đầy đủ của Vương quốc Crusk
克鲁斯克岛	đảo Crusk	địa danh	Thủ đô/đảo chính Vương quốc Crusk
克鲁斯克王宫	Vương cung Crusk	địa danh	Trên đảo Crusk
雷明思顿	Remington	nhân vật	Tham mưu Phòng Tham mưu số Một, Bộ Tham mưu Vương quốc Sack, quen biết Ivo Joao
克拉比·莫雷	Kelabi Morey	nhân vật	Trưởng ty Mậu dịch Đối ngoại Bộ Nông nghiệp Vương quốc Sack
珊迪	Sandy	nhân vật	Quản lý xưởng gia công phân bón tộc Moon Shadow — LƯU Ý trùng romanization với "sông Sandy" (桑迪河) có sẵn, là 2 thực thể khác nhau
诺丹伦城	thành Nodanlon	địa danh	Thủ đô Vương quốc Sack
魔力饭煲	nồi cơm ma lực	sản phẩm	
魔力面包机	máy làm bánh mì ma lực	sản phẩm	
《魔力机车周刊》	Tuần San Xe Ma Lực	ấn phẩm	Phụ trương hàng tuần của Nhật báo Bontar
索恩斯牌	hiệu Sornes	thương hiệu	Nhãn hiệu Điều hòa Ma lực hàng chợ, bị chê chất lượng kém (ch.769)
洛基	Rocky	nhân vật	Công nhân kỹ thuật nhà máy liên doanh Tân Phi, khách quen quán rượu lão John ở Công quốc Delac (ch.769)
索斯盖德侯爵/达约伦·索斯盖德	Hầu tước Southgate / Dayolun Southgate	nhân vật	Quý tộc Đế quốc Malo, biệt danh cũ "Chiến thần Malo", đối thủ cũ của Russell (Kendra) (ch.770-786)
西摩尔	Seymour	nhân vật	Tùy tùng/cháu trẻ của Hầu tước Southgate, gây tai nạn xe ở ch.780 (ch.770-786)
费洛伊斯城	thành Feloise	địa danh	Thành phố trung tâm chính trị/kinh tế Công quốc Delac (ch.770-780)
安格洛城	thành Angelo	địa danh	Kinh đô Đế quốc Malo, nhắc thoáng qua (ch.775-779)
兰杜里	Landury	nhân vật	Tử tước, nhắc thoáng qua (ch.770-774)
白迪	Baydi	nhân vật	Đại công tước Đế quốc Malo, nhắc thoáng qua (ch.770-774)
落日商会	Thương hội Lạc Nhật	tổ chức	Thương hội siêu hạng Đế quốc Malo, nhắc thoáng qua (ch.770-774)
琳娜	Lina	nhân vật	Tộc Thỏ, lễ tân Trung tâm Dịch vụ Tân Phi ở Feloise — KHÁC Linda (Elf, thê thiếp Hứa Dịch) (ch.770-774)
哈维	Harvey	nhân vật	Con trai Hứa Dịch và Linda (Elf) (ch.770-774)
玛法伯爵	Bá tước Marfa	nhân vật	Lãnh chúa Công quốc Stan giáp lãnh địa Hứa Dịch (ch.775-779)
新飞魔法工业周报	Tuần báo Ma pháp Công nghiệp Tân Phi	ấn phẩm	Tuần báo kỹ thuật do Tân Phi xuất bản (ch.775-779)
魔法工业理论基础月刊	Nguyệt san Lý luận Cơ sở Ma pháp Công nghiệp	ấn phẩm	Nguyệt san lý luận chuyên sâu, công khai kiến thức ngành (ch.775-779)
帕拉丁号	tàu Paladin	vật thể	Du thuyền/tàu ma lực của Hầu tước Southgate (ch.780-784)
法兰克王国	Vương quốc Frank	quốc gia	Nhắc thoáng qua, láng giềng Vương quốc Sack (ch.780-784)
多诺依德	Donoyd	nhân vật	Vệ binh rừng trẻ (76 tuổi) tộc Moon Shadow, tính bộc trực (ch.785-789)
菲尔普/菲尔逊	Filson	nhân vật	Đội trưởng vệ binh rừng tộc Moon Shadow, trấn giữ lãnh địa mới chiếm từ Sack — 2 biến thể hanzi + biến thể romanization "Philp" cùng 1 người, đã chốt "Filson" (ch.785-791)
森林卫	vệ binh rừng	thuật ngữ	Chức danh chiến binh của tộc Elf Moon Shadow (ch.785-789)
灵龟军团	Quân đoàn Linh Quy	tổ chức	Quân đoàn phòng ngự chủ lực Vương quốc Sack (ch.785-789)
本杰明·德克	Benjamin Deck	nhân vật	Bộ trưởng Bộ Tham mưu quân bộ Vương quốc Sack (ch.785-789)
尤里	Yuri	nhân vật	Tham mưu tình báo trung niên Vương quốc Sack, phụ trách gián điệp (ch.785-789)
邦塔城魔法工业技能培训学院	Học viện Đào tạo Kỹ năng Công nghiệp Ma pháp thành Bontar	tổ chức	Trường do Tân Phi sáng lập, nay thuộc phủ Thành chủ Bontar (ch.785-789)
兰帕里皇家学院	Học viện Hoàng gia Lanpari	tổ chức	Khác Học viện Ma pháp Nam tước Rickto đã có sẵn (ch.785-789)
海瑟薇	Hathaway	nhân vật	Thị nữ hầu hạ Nữ vương Cervini, chăm Vương tử (ch.790)
帕梅斯·艾伦	Parmes Allen	nhân vật	Tên đầy đủ của Allen, Hội trưởng Hiệp hội Pháp sư Lanpari — KHÁC Parames/帕拉梅斯 (Đại sứ Xi Hack) (ch.793-797)
阿拉斯王国	Vương quốc Alas	quốc gia	Nhắc thoáng qua, góc đông bắc đại lục, tuyến hàng hải phía bắc (ch.793-797)
多诺曼	Donoman	nhân vật	Đại sư (kỹ sư) người lùn, tranh cãi với Kanbi và Botlu về pháo ma lực — KHÁC Donoyd/多诺依德 (ch.793-797)
菲玟	Fiwen	nhân vật	Chủ quản hành chính Trung tâm Nghiên cứu Phát triển Máy công cụ Ma lực (ch.793-797)
厄齐尔伯爵	Bá tước Ozil	nhân vật	Quý tộc Sack đã vu hãm tội phản quốc cho Tử tước Dolancarlo/gia tộc Theresa (ch.793-797)
魔力搅拌机	Máy trộn Ma lực	sản phẩm	Sản phẩm mới Tân Phi, theo mẫu Quạt/Điều hòa Ma lực (ch.793-797)
亚拉港/拉亚港	cảng Yala	địa danh	Cảng Đế quốc Kendra mở cho hạm đội hộ vệ Thương hội Tân Phi — 2 biến thể hanzi cùng 1 nơi (ch.798-803)
茉莉花号	tàu Mạt Lị	vật thể	Soái hạm hộ vệ của Leslie (ch.798-802)
晨光号	tàu Thần Quang	vật thể	Tàu hộ vệ Kendra do Trung tá Newman chỉ huy (ch.798-802)
纽恩/纽曼 (Trung tá)	Trung tá Newman	nhân vật	Chỉ huy tàu hộ vệ Thần Quang, Hải quân Kendra — KHÁC 纽曼/Newman dòng 299 (nhân vật cũ không rõ ngữ cảnh) (ch.798-799)
薰衣草商会	Thương hội Lavender	tổ chức	Thương hội hải sản Kendra, hậu thuẫn bởi Hải quân Kendra (ch.798-802)
罗伯托·泽尼	Roberto Zeni	nhân vật	Hội trưởng Thương hội Lavender (ch.800)
惠妮顿	Wheaton	nhân vật	Tiểu thư quý tộc nhỏ Kendra, người yêu của Leslie (ch.801)
马苏尔岛	đảo Masur	địa danh	Đảo lớn nhất từng phát hiện ở nam Kendra trước đây, ~20km² (ch.802)
魔力冲锋艇	xuồng cao tốc ma lực	sản phẩm	Thuyền nhỏ đổ bộ chạy ma lực (ch.802)
伊芙琳小镇	thị trấn Evelyn	địa danh	Thị trấn du lịch tộc Aisara mở cho khách loài người, thuộc Vương quốc Rulson (ch.804)
月光池	ao Ánh Trăng	thuật ngữ	Ao thiêng tộc Elf, còn gọi "ao Sinh Mệnh" (ch.804)
《飘絮》	"Tơ Liễu Bay"	tác phẩm	Phim ảo ảnh Thương hội Tân Nguyệt/Stella sản xuất, ý tưởng gốc từ Hứa Dịch (ch.805)
拉克斯坦	Lakstan	nhân vật	Phó hội trưởng Hiệp hội Pháp sư Lanpari, pháp sư cấp 9 (ch.809)
保拉·埃尔文/埃尔文	Paula Elwin	nhân vật	Cục trưởng Cục Thương mại Vương quốc Sack, đón đoàn Tân Phi tại thị trấn Taklin (ch.812-813)
普约尔	Puyol	nhân vật	Trấn trưởng thị trấn Taklin (ch.812-814)
《兰帕里王国领空管理规定》	Quy định Quản lý Không phận Vương quốc Lanpari	thuật ngữ	Luật mới do Nghị viện Lanpari thông qua theo đề xuất Cervini, cấm pháp sư/vật bay nước ngoài bay trong không phận — cớ chặn Hứa Dịch (ch.809)
托夫卡	Tofka	nhân vật	Thiếu tướng Bộ Quân sự Vương quốc Sack, đàm phán mua Máy móc Ma thuật quân dụng (ch.814)
帕勒莫	Palermo	địa danh	Thị trấn biên giới bắc Lanpari, điểm khởi đầu đường nhựa nối sang Sack (ch.813-815)
弗格森	Ferguson	nhân vật	Đại pháp sư, đại diện Tổng bộ Hiệp hội Pháp sư Đại lục (KHÁC Hiệp hội Pháp sư Lanpari); tên đầy đủ Christopher Ferguson (ch.818-833). CHỐT "Ferguson", KHÔNG viết "Fergson"/"Fergusson".
兰迪斯帝国	Đế quốc Landis	địa danh	Đế quốc cổ đã thống nhất toàn lục địa Saiens 1500 năm trước, chỉ nhắc thoáng qua (ch.831-833)
罗迪克·加斯科因	Roderick Gascoigne	nhân vật	Hội trưởng đương nhiệm Hiệp hội Pháp sư toàn lục địa Saiens (73 tuổi, tại vị 23 năm) — KHÁC Parmes Allen (Hội trưởng chi nhánh Lanpari)
安托尔皇族	hoàng tộc Antor	phe phái	Hoàng tộc bản địa kiểm soát đảo phía nam mà Leslie muốn thâu tóm (thuộc địa hải ngoại đầu tiên của Tân Phi)
康斯坦丁子爵	Tử tước Constantine	nhân vật	Nghị trưởng Nghị viện Công quốc Stan, do Hứa Dịch chọn thay Ankelu sau vụ mưu phản
魔法神座	Thần Tọa Ma Pháp	địa danh	Đĩa khổng lồ lơ lửng trên đỉnh Tháp Trên Trời, nơi họp Nghị hội Nguyên lão
天空之塔	Tháp Trên Trời	địa danh	Tòa tháp đá cao 300m ở trung tâm Thiên Thành (KHÁC 天空之城 = Thiên Thành; giữ nguyên tên "Tháp Trên Trời", không đổi theo Thiên Thành)
元老议会	Nghị hội Nguyên lão	tổ chức	Cơ quan quyết định việc lớn của Hiệp hội Pháp sư toàn lục địa (16 Trưởng lão)
博比奇	Bobich	nhân vật	Tài xế vận tải chuyên trách của Liên minh Thương mại Ireland, dưới quyền Freeman
弗兰克林·索斯盖德	Franklin Southgate	nhân vật	Cháu đích tôn 19 tuổi của Hầu tước Southgate, đã có tước Nam tước, ứng viên gia chủ đời 3 (ch.825-826)
玛卡洛斯公爵	Công tước Marcalos	nhân vật	Bạn cũ của Hầu tước Southgate, quý tộc Malo hoài nghi Máy móc Ma lực nông nghiệp; tên thân mật "Philip"
隆斯	Lons	nhân vật	Quản gia thân tín của Hoàng tử Franck Debor
达戈·翁佩斯	Dago Ompes	nhân vật	Chủ nhiệm xây dựng kỳ cựu Thương hội Amli, phụ trách lắp tháp tín hiệu ma pháp ở Stan/Lanpari (ch.834-838, 844-848)
维托	Vito	nhân vật	Chủ nhiệm công trình phía Tân Phi, phụ trách xây Học viện Công nghiệp Ma pháp (ch.834-838)
鲁滨逊商会	Thương hội Robinson	tổ chức	Thương hội khai khoáng ở Vương quốc Rulson
恩斯特	Ernst	nhân vật	Con trai thứ hai của Hứa Dịch và Stella, sinh đầu năm (ch.834-838)
月影饮品商会	Thương hội Đồ uống Moon Shadow	tổ chức	Thương hội đồ uống của tộc Elf Moon Shadow
门蒂斯	Mendes	nhân vật	Thợ rèn cũ thành Krammya, chủ xưởng gia công linh kiện, bạn thân Ryan (ch.839-843)
莱恩	Ryan	nhân vật	Thợ rèn cũ thành Krammya, chủ xưởng gia công linh kiện, bạn thân Mendes (ch.839-843)
佐恩斯商会	Thương hội Zoens	tổ chức	Thương hội sản xuất ấm nước ma lực
安非拉魔力空调	Điều hòa Ma lực Anfila	sản phẩm	Thương hiệu điều hòa ma lực đối thủ, chất lượng kém hơn Tân Phi
妥耶尔·奥托夫	Toyer Otov	nhân vật	Chủ nhiệm chi nhánh Thương hội Chimera tại thành Pompeii; đại diện Chimera đề nghị thâu tóm Tân Phi 76 triệu vàng, bị từ chối (ch.842-843)
特维斯蒂	Tevisty	nhân vật	Nữ Elf trẻ, thư ký riêng mới của Hứa Dịch, do Trưởng lão Lisanya gửi tới sau khi Yanis rời đi (ch.839-843)
多尔伯爵	Bá tước Dol	nhân vật	Lãnh chúa nam Công quốc Stan, tên riêng "Suluke"; cháu phu nhân Công tước Windsor; bắt giữ Akali (ch.844-853), bị Hứa Dịch đóng băng + phế truất. KHÁC "Dol" phó quan Kandore (Kendra, ch.716)
苏鲁克	Suluke	nhân vật	Tên riêng của Bá tước Dol, cô ruột (phu nhân Windsor) gọi thân mật
温莎公爵	Công tước Windsor	nhân vật	Elman Windsor, Tổng đốc hành tỉnh nam Đế quốc Kendra, đóng tại thành Gulat; âm mưu thôn tính Tân Phi (ch.844-855)
温莎公爵夫人	Phu nhân Công tước Windsor	nhân vật	Vợ Công tước Windsor, cô ruột Bá tước Dol, hậu thuẫn bắt giữ Akali (ch.847-852)
古拉特城	thành Gulat	địa danh	Tỉnh thành hành tỉnh nam Kendra, nơi Công tước Windsor đóng, cách căn cứ Tân Phi ~2300km
沙隆	Sharlon	nhân vật	Mưu sĩ thân tín Công tước Windsor (ch.854-855). KHÁC Sharlon Lenur (quân đoàn trưởng Quân đoàn Tham Lang, Sack) — trùng tên đầu, người khác
纳里安皇子	Hoàng tử Narian	nhân vật	Hoàng tử tranh ngôi Đế quốc Kendra, phe Công tước Windsor ủng hộ ngầm
哈尔队长	Đội trưởng Hal	nhân vật	Đội trưởng vệ sĩ Tân Phi phụ trách áp giải Bá tước Dol (ch.854)
沃璐茜夫人	Phu nhân Volucy	nhân vật	Quý bà tự xưng phu nhân Thành chủ, gặp Stella ở thành Laiwuka (ch.844-848)
莱芜卡城	thành Laiwuka	địa danh	Thị trấn nhỏ hành tỉnh đông Lanpari, nơi Stella giám sát chiếu phim
《赛恩斯恩仇记》	"Saiens Ân Cừu Ký"	tác phẩm	Phim ảo ảnh chiếu tại thành Laiwuka (ch.844-848)
马加特·兰迪	Đại pháp sư Randy	nhân vật	Đại pháp sư được Công tước Windsor thuê trấn giữ ngục giam Akali, bị Hứa Dịch/Rena/Hart đánh lui (ch.849-855). CHỐT "Randy", KHÔNG viết "Randi"
努诺西斯	Nunosis	nhân vật	Pháp sư cấp 8 áo trắng, hộ vệ riêng phu nhân Công tước Windsor; cuối cùng được Hứa Dịch mời gia nhập Tân Phi (ch.851)
冰棺术	Thuật Quan Tài Băng	ma pháp	Ma pháp không gian cấp Đại pháp sư, Hứa Dịch dùng phong ấn Bá tước Dol
飓风之环	Vòng Cuồng Phong	ma pháp	Ma pháp hệ Phong cấp 9 của Nunosis
安德烈伯爵	Bá tước Andrei	nhân vật	Quý tộc Công quốc Stan, kiểm soát cảng nhỏ nơi Sharlon đổ bộ (ch.858)
普拉多男爵	Nam tước Prado	nhân vật	Lãnh chúa Stan, 300 quân của ông (trang bị nỏ liên hoàn ma pháp) đánh bại 3000 quân Sharlon (ch.858-859)
艾克	Ike	nhân vật	Đội trưởng vệ đội thân tín của Sharlon, Đế quốc Kendra (ch.858)
阿斯塔夏	Astasia	nhân vật	Elf, phụ trách xuất kho phân bón Thương hội Moon Shadow, Công quốc Stan (ch.861)
罗斯福商会	Thương hội Roosevelt	tổ chức	Khách hàng mua phân bón đầu tiên trong hàng, KHÁC Công tước Roosevelt (ch.861)
沃福特	lão Woford	nhân vật	Nông dân/thương nhân Đế quốc Kendra, mua phân bón buôn lậu qua biên giới cùng Willis (ch.862)
威利斯	Willis	nhân vật	Thương nhân buôn lậu Đế quốc Kendra, mua chuộc biên phòng đế quốc (ch.862)
伊尔城	thành Eir	địa danh	Quê của Woford/Willis, Đế quốc Kendra (ch.862)
易卡罗	Icaro	nhân vật	Phó Quân đoàn trưởng Quân đoàn số Ba Vương quốc Rulson (ch.862, 864)
福瑞斯	Tướng quân Ferris	nhân vật	Đoàn trưởng Đoàn Phòng thủ Biên giới số 4, Quân đoàn Phòng thủ Biên giới số Ba Đế quốc Kendra; tử trận ch.864
托姆	Tom	nhân vật	Hạm đội trưởng Hạm đội số Ba Hải quân Đế quốc Kendra, thuộc cấp Russell (ch.866-870)
库克	Tướng quân Cook	nhân vật	Chỉ huy tiền nhiệm Quân đoàn số Ba Kendra tấn công Rulson lần 1, thất bại, bị McHale cách chức (ch.866-873)
麦克海尔	Tướng quân McHale	nhân vật	Một trong Ngũ Đại Hộ Quốc Đại Tướng Quân Kendra, thay Cook chỉ huy Quân đoàn số Ba tấn công Rulson lần 2, đại bại (ch.866-874)
克莱因·斯维登	Klein Sveden	nhân vật	Đại sứ Đế quốc Kendra tại Vương quốc Lanpari (ch.872)
罗斯福公爵	Công tước Roosevelt	nhân vật	Bộ Quân sự Đế quốc Malo, tiếp cận Hầu tước Southgate hỏi về Máy móc Ma thuật quân dụng Tân Phi; KHÁC Thương hội Roosevelt (ch.874-875)
邓普禄伯爵	Bá tước Dunlop	nhân vật	Đại diện Bộ Thương mại Đế quốc Malo, cùng Công tước Roosevelt tiếp cận Southgate (ch.875)
灵狐商会	Thương hội Linh Hồ	tổ chức	Thương hội bình phong của Tân Phi ở hoang nguyên Heimi, danh nghĩa thuộc tộc Cáo (ch.871-875)
狐族	tộc Cáo	chủng tộc	Người thú tộc Cáo, tương tự tộc Hổ đã có sẵn (ch.871-875)
鲁夫	lão Rouf	nhân vật	Thương nhân thành Saltan, chủ Thương hội Rouf (ấm/lò sưởi ma lực), bán thương hội cho Kendra (ch.879-882)
多耶尔	Doyer	nhân vật	Bạn của lão Rouf, chủ Thương hội Elan, cũng bán thương hội cho Kendra (ch.880-882)
艾兰商会	Thương hội Elan	tổ chức	Thương hội nhỏ thành Saltan, sản xuất tủ lạnh/điều hòa ma lực, bị Kendra thu mua giá cao (ch.880-881)
笛卡尔侯爵	Hầu tước Descartes	nhân vật	Bộ trưởng Bộ Thương mại Đế quốc Kendra (ch.881)
索罗斯会长	Hội trưởng Soros	nhân vật	Một hội trưởng thương hội được Cervini triệu kiến (ch.882)
埃托奥	Tử tước Etoa	nhân vật	Đại diện/thư ký Cục Hậu cần Bộ Quân sự Đế quốc Malo, dẫn đoàn khảo sát Máy móc Ma thuật quân dụng (ch.887-893)
莫夫男爵	Nam tước Moff	nhân vật	Sĩ quan Bộ Tham mưu Tác chiến Đế quốc Malo (ch.888)
阿拉斯塔魔导师	Ma đạo sư Alasta	nhân vật	1 trong 9 Ma đạo sư Đế quốc Malo, bạn học cũ Camillo, chưa xuất hiện trực tiếp (ch.889-890)
天堂岛	đảo Thiên Đường	địa danh	Đảo ở biển Vô Tận nơi Leslie xây cảng/xưởng (ch.891-892)
内瑟斯	Nathers	nhân vật	Cháu trai chưa thành niên của Hafra, tài xế xe tải ma lực (ch.894-899)
哈夫拉	Hafra	nhân vật	Thương nhân Lanpari, chú của Nathers, buôn hàng sang Kendra (ch.894-899)
普拉多	Prado	nhân vật	Anh trai Hafra, chủ tiệm quần áo định cư thành Laru (Kendra) 20+ năm — KHÁC "Nam tước Prado" (lãnh chúa Stan) đã có sẵn trong glossary, trùng romanization (ch.894-899)
拉鲁城	thành Laru	địa danh	Thành phố lớn thứ ba hành tỉnh phía Nam Đế quốc Kendra, Bá tước Nasapus làm Thành chủ (ch.894-899)
维恩	Vien	nhân vật	Đội trưởng lính vệ binh/phòng vệ thành Laru (ch.895-899)
纳萨普斯伯爵	Bá tước Nasapus	nhân vật	Thành chủ thành Laru (ch.894-899)
爱马度	Amado	nhân vật	Tổng quản phủ Tổng đốc Kendra, tâm phúc Công tước Windsor (ch.895-896)
索普	Sope	nhân vật	Quản gia phủ Thành chủ thành Laru (ch.898)
丁香花布料	vải Đinh Hương	thuật ngữ	Chất liệu vải mới, tộc Night Song hợp tác Thương hội Armani nghiên cứu, làm từ rễ hoa đinh hương (ch.897)
南部行省	hành tỉnh phía Nam	địa danh	Đơn vị hành chính Đế quốc Kendra do Công tước Windsor làm Tổng đốc 17 năm (ch.896-898)
魔法纺织机械	máy dệt ma thuật	thuật ngữ	Sản phẩm Máy móc Ma thuật, bán cho Thương hội Armani (ch.898)
菲尔逊运输商会	Thương hội Vận tải Filson	tổ chức	Có thể là "Hãng xe ngựa Filson" cũ đã nâng cấp lên đội xe tải ma lực (ch.886) — CẦN XÁC NHẬN khi gặp lại
图雷尔子爵	Tử tước Turell	nhân vật	Quý tộc Kendra, tùy tùng/hướng dẫn viên hành tỉnh Tây Nam (ch.905-909)
尤里安男爵	Nam tước Julian	nhân vật	Đại diện đàm phán quân sự của Hoàng tử Franck (ch.905-909)
莫古都公爵	Công tước Mogudo	nhân vật	Tổng đốc hành tỉnh Tây Nam Đế quốc Kendra (ch.905-909)
安迪·科尔伯爵	Bá tước Andy Cole	nhân vật	Tân Thự trưởng Cục Thương mại Vương quốc Lanpari (ch.905-909)
梅洛伯爵	Bá tước Melo	nhân vật	Chủ xe hơi ma lực ở Wimbledon, nhắc thoáng qua (ch.905-909)
坎通纳商会	Thương hội Kantona	tổ chức	Theo tên nhân vật Kantona đã chốt sẵn trong glossary (ch.905-909)
托马斯	Thomas	nhân vật	Quân đoàn trưởng Quân đoàn Linh Quy (Sack) (ch.910-914)
杜兰克	Duranc	nhân vật	Tham mưu trưởng Quân đoàn Linh Quy (ch.910-914)
摩耶夫	Moyev	nhân vật	Đại pháp sư, chủ nhiệm Trung tâm NC&PT Máy móc Ma thuật Quân dụng Sack (ch.910-914)
博瑞斯	Boris	nhân vật	Công tước, Nghị trưởng Nghị viện Vương quốc Rulson (ch.910-914)
甘道尔	Gandor	nhân vật	Bá tước, Phó Cục trưởng Cục Thương mại Rulson (ch.910-914)
昂克	Anker	nhân vật	Bá tước, Cục trưởng Cục Dân sinh Rulson (ch.910-914)
多兰王国	Vương quốc Dolan	địa danh	Nước nhỏ phía bắc Sack, nhắc thoáng qua trên bản đồ (ch.910-914)
卡其顿王国	Vương quốc Kachidon	địa danh	Nước nhỏ xa hơn về phía bắc Sack, nhắc thoáng qua trên bản đồ (ch.910-914)
罗迪克	Roderick	nhân vật	Thủy thủ/công nhân Hạm đội Vận tải số Ba Tân Phi (ch.915-919) — LƯU Ý: TRÙNG romanization với "Roderick Gascoigne" (Hội trưởng Hiệp hội Pháp sư, dòng 581), hai người hoàn toàn khác nhau
斯科	Sico	nhân vật	Đồng nghiệp của Roderick, Hạm đội Vận tải số Ba (ch.915-919)
拜尔德	Baird	nhân vật	Lưu dân Rulson mù chữ, tuyển làm công nhân tạm thời (ch.915-919)
奥德里奇	Aldrich	nhân vật	Chủ quản Hạm đội Vận tải số Ba Thương hội Tân Phi (ch.915-919)
马克·路易斯	Mark Lewis	nhân vật	Tư lệnh Hạm đội số Một Hải quân Đế quốc Kendra (ch.915-919)
尤利西斯	Ulysses	nhân vật	Cơ trưởng phi đĩnh ma lực, đội hộ vệ Thương hội Tân Phi (ch.915-919)
华纳公爵	Công tước Warner	nhân vật	Đề đốc, thống lĩnh Hải quân Đế quốc Kendra (ch.915-919)
德波尔十七世	Debor XVII	nhân vật	Hoàng đế Đế quốc Kendra, cùng họ hoàng tộc với Hoàng tử Franck Debor (ch.915-919)
哈斯特瑞侯爵	Hầu tước Hasterey	nhân vật	Bộ trưởng Bộ Tài chính Đế quốc Kendra (ch.915-924, đã đồng bộ tên — 0924.md sửa từ "Hastray")
瑞娅	Rhea	nhân vật	Vợ của Heinze (ch.915-919)
魔力房车	Xe Nhà Lưu Động Ma Lực	vật phẩm	RV/motorhome chạy ma lực, Hứa Dịch thiết kế tặng Heinze (ch.915-919)
霍根	Hogan	nhân vật	Chủ quản văn phòng đại diện Tân Phi tại Đế quốc Malo (ch.920-924)
迪卡多	Dicardo	nhân vật	Phó chủ quản kiêm liên lạc viên chính, văn phòng Malo (ch.920-924)
斯坦索姆	thành Stansom	địa danh	Thành cảng cực bắc Đế quốc Malo (ch.920-924)
伊恩	Cơ trưởng Ian	nhân vật	Phi công lái phi đĩnh ma lực (ch.920-924)
乔休斯	Josius	nhân vật	Bá tước, Thành chủ thành Stansom (ch.920-924)
汤姆·马肯斯	Tom Markens	nhân vật	Chỉ huy Hạm đội số Hai Thương hội Tân Phi (ch.920-924) — LƯU Ý: TRÙNG romanization "Tom" với Hạm đội trưởng Hạm đội số Ba Hải quân Kendra (dòng 627), hai người hoàn toàn khác nhau
里诺·奥斯本	Rino Osborne	nhân vật	Phó tư lệnh Hạm đội số Hai Hải quân Đế quốc Kendra (ch.920-924)
兰帕里王国魔法工业管理协会	Hiệp hội Quản lý Công nghiệp Ma pháp Vương quốc Lanpari	tổ chức	Cơ quan mới lập tại Lanpari (ch.920-924) — khác "Cục quản lý ma pháp công nghiệp" (dòng 271, thuộc Công quốc Stan)
兰帕里魔法工业学院	Học viện Công nghiệp Ma pháp Lanpari	tổ chức	Học viện mới do Trung tâm NC&PT Tân Phi hợp tác lập tại Lanpari (ch.920-924) — khác Học viện Công nghiệp Ma pháp ở Công quốc Stan (ch.828-829)
厄齐尔	Ozil	nhân vật	Chủ nhiệm Trung tâm Lưu thông Vật tư Thương hội Tân Phi (ch.930-934) — LƯU Ý: TRÙNG romanization với "Bá tước Ozil" (dòng 559, quý tộc Sack), hai người hoàn toàn khác nhau
卡尼亚索	Kanyaso	nhân vật	Trợ lý Tổng giám đốc điều hành Thương hội Tân Phi, thay Kennard dự họp (ch.930-934)
桑迪科	Sandiko	nhân vật	Chủ tịch Hiệp hội Quản lý thành Tân Phi (ch.930-934)
阿里斯塔	Arista	nhân vật	Ma đạo sư Đế quốc Malo, bạn học cũ của Camillo (ch.930-934)
新飞城	thành Tân Phi	địa danh	Đô thị trung tâm logistics của Thương hội Tân Phi ở Công quốc Stan (ch.930-934)
新月影视娱乐城	Thành/Trung tâm Giải trí Ảnh ảo Tân Nguyệt	tổ chức	Cơ sở kinh doanh mới của Stella, dùng Máy chiếu Ảnh ảo Ma lực kiểu "đài truyền hình" (ch.930-934)
沃尔夫狼人部落	bộ lạc Người Sói Wolf	tổ chức	Bộ lạc Người thú Sói ở băng nguyên phương bắc Đế quốc Malo, được Hogan tuyển làm nhân công (ch.935-939)
奥斯顿	Hạm trưởng Auston	nhân vật	Chỉ huy phi đĩnh ma lực giám sát từ xa (ch.935-939)
俄拉马城	thành Orama	địa danh	Thành phố lớn nhất đông nam Vương quốc Sack, nơi tổ chức triển lãm vũ khí tự chế (ch.935-939)
新飞魔法机械周刊	Tuần San Máy Móc Ma Thuật Tân Phi	tổ chức	Ấn phẩm nội bộ Thương hội Tân Phi (ch.935-939, 950-954)
无尽之海航路须知	"Cẩm Nang Hải Trình Biển Vô Tận"	thuật ngữ	Sách hướng dẫn hải trình do Tân Phi biên soạn (ch.935-939)
里肯	Riken	nhân vật	Quản gia/xà ích thân tín của Công tước Windsor, xưng "lão gia" (ch.940-944)
多明戈男爵	Nam tước Domingo	nhân vật	Quan phụ trách nông nghiệp hành tỉnh phía Nam Kendra (ch.940-944)
图拉尔行省	hành tỉnh Tular	địa danh	Tỉnh ven biển giàu có nhất Đế quốc Kendra (ch.940-944)
图多尔行省	hành tỉnh Tudor	địa danh	Tỉnh gần quân cảng Nam Kendra, tập trung xưởng thương hội tư nhân (ch.940-944)
萨兰尼尔城	thành Salanier	địa danh	Thành phố thuộc hành tỉnh Tular (ch.940-944)
安其拉王国	Vương quốc Angira	địa danh	Nước phía bắc Vương quốc Sack, bị Sack xâm lược rồi Lanpari tuyên chiến với Sack (ch.940-959) — 3 agent độc lập dịch 3 kiểu (Ankira/Angira/Anchira), đã thống nhất "Angira" (thắng thế 12 vs 8 vs 1)
尼尔森	Nelson	nhân vật	Nhân viên kinh doanh Thương hội Tân Phi ở Công quốc Audur (ch.945-949)
门迭塔	Mendieta	nhân vật	Phó thủ của Nelson (ch.945-949)
奥杜尔公国	Công quốc Audur	địa danh	Nước nhỏ phía đông lục địa Saiens (ch.945-949)
威尔伯子爵	Tử tước Wilbur	nhân vật	Tổng quản Đối ngoại Công quốc Audur (ch.945-949)
隆利商会	Thương hội Longli	tổ chức	Đối thủ cạnh tranh ở Công quốc Audur — LƯU Ý trùng romanization với Bá tước Rivel Longli (Thành chủ Bontar), hai thực thể khác nhau, chỉ trùng âm (ch.945-949)
萘登	Naiden	nhân vật	Đại diện Thương hội Longli, hối lộ Tử tước Wilbur (ch.945-949)
卡其顿公国	Công quốc Kachidon	địa danh	Nước đông nam lục địa Saiens, láng giềng phía bắc Nozdrom, bị Nozdrom tiêu diệt trong 3 ngày (ch.945-949) — LƯU Ý dòng "Vương quốc Kachidon" (ch.910-914, chỉ nhắc thoáng trên bản đồ, đặt gần Sack) có thể là cùng nước ghi nhầm quy mô/vị trí hoặc 2 nước trùng tên, chưa xác minh kỹ
白熊军团	Quân đoàn Gấu Trắng	tổ chức	Quân đoàn tinh nhuệ miền bắc Vương quốc Sack, được trang bị Máy móc Ma thuật quân dụng tự chế (ch.945-954) — 2 agent dịch khác nhau (Gấu Trắng/Bạch Hùng), thống nhất "Gấu Trắng" (thắng 8 vs 2)
艾弗尔	Đội trưởng Ivor	nhân vật	Đội trưởng Tiểu đội 1, Đại đội Cơ động/Hành động Đặc biệt số Ba, Quân đoàn Trấn Bắc Lanpari — tên đầy đủ Sharuk Aiver/Ivor (ch.945-954) — 2 agent dịch khác nhau (Ivor/Aiver), thống nhất "Ivor" (thắng 34 vs 32)
皮特	Pete	nhân vật	Thành viên tổ xe bọc thép ma lực dưới quyền Đội trưởng Ivor (ch.945-954)
萨克马兰	Sakmalan	nhân vật	Tài xế xe bọc thép ma lực, tổ Đội trưởng Ivor (ch.945-954) — 2 agent dịch khác nhau (Sakmalan/Sacmalan), thống nhất "Sakmalan" (thắng 8 vs 1)
罗本	Roben	nhân vật	Thành viên tổ xe bọc thép ma lực dưới quyền Đội trưởng Ivor (ch.945-954)
马尔科	Marco	nhân vật	Thành viên tổ xe bọc thép ma lực dưới quyền Đội trưởng Ivor (ch.945-954)
魔力装甲车	xe bọc thép ma lực	thuật ngữ	Phương tiện chiến trường mới của Quân đoàn Trấn Bắc Lanpari (ch.945-959) — 2 agent dịch khác nhau (bọc thép/thiết giáp), thống nhất "xe bọc thép ma lực" (thắng 28 vs 9)
鲁道夫·条顿	Tướng Rudolf Teuton	nhân vật	Thống soái Quân đoàn Trấn Bắc Vương quốc Lanpari (ch.950-954)
阿普顿	Appleton	nhân vật	Sĩ quan dưới quyền Tướng Teuton (ch.950-954)
托比·泰德	Toby Tedd	nhân vật	Quân đoàn trưởng mới Quân đoàn Tham Lang (Sack), kế nhiệm Sharlon Lenur (ch.950-954)
恩塔克山峰	đỉnh Entak	địa danh	Điểm mốc địa lý trong chiến sự Lanpari-Sack (ch.950-954)
诺曼谷口	cửa ải Norman	địa danh	Điểm mốc địa lý trong chiến sự Lanpari-Sack (ch.950-954)
洛丹伦城	thành Lordalen	địa danh	Thủ đô Vương quốc Sack (ch.950-954; bản gốc có chỗ viết 诺丹伦城, coi là cùng địa danh)
白虎军团	Quân đoàn Bạch Hổ	tổ chức	Một quân đoàn khác của Vương quốc Sack (ch.950-954)
摩耶夫	Đại pháp sư Mayev	nhân vật	Phụ trách Viện nghiên cứu Máy móc Ma thuật Quân dụng Vương quốc Sack (ch.950-954)
菲玟	Fiwen	nhân vật	Phó chủ quản hành chính tổng bộ Thương hội Tân Phi (ch.950-954)
西尼尔	Cyril	nhân vật	Gián điệp dò xét pháp sư Tân Phi tại quán rượu Rolling Stone (ch.959-960) — 2 agent dịch Sinier/Cyril, thống nhất "Cyril" (thắng 27 vs 10)
滚石酒馆	quán rượu Rolling Stone	địa danh	Quán rượu khu dân cư pháp sư Tân Phi, chủ quán người lùn (ch.959)
魔法师生存就业保障联合协会	Hiệp hội Liên hợp Bảo đảm Sinh tồn và Việc làm Pháp sư	tổ chức	Tên đầy đủ tổ chức pháp sư cấp thấp tách khỏi Hiệp hội Pháp sư; gọi tắt 魔法师联会 = Liên hội Pháp sư (ch.961+)
魔法师联会	Liên hội Pháp sư	tổ chức	Viết tắt của Hiệp hội Liên hợp Bảo đảm Sinh tồn và Việc làm Pháp sư (ch.961+) — 2 agent dịch Liên hội/Nghiệp đoàn, thống nhất "Liên hội Pháp sư" (thắng 19 vs 15)
玛易斯·路德	Mais Luther	nhân vật	Hội trưởng đời đầu Liên hội Pháp sư, đại diện >200 pháp sư rút khỏi Hiệp hội (ch.961)
佩雷斯科公爵	Công tước Peresco	nhân vật	Tổng đốc hành tỉnh Tular Đế quốc Kendra; chiêu đãi Hứa Dịch + sắp xếp gặp Windsor (ch.964)
昆西·雷切尔	Quincy Reichel	nhân vật	Phó quan hạm đội Tân Phi dưới Gaen Solon (ch.971-972)
萨马兰特公国	Công quốc Samarant	địa danh	Nước nhỏ đông bắc Venice, bị Venice tiêu diệt trong 1 tuần (ch.971)
塔米茨王国	Vương quốc Tamitz	địa danh	Vương quốc phía bắc, bị Nozdrom tiêu diệt trong 23 ngày (ch.971)
威尼士公国	Công quốc Venice	địa danh	Đối tác chiến lược Tân Phi, đạt công nghiệp ma pháp Cấp bậc Hai rồi xâm lược Samarant (ch.970-971)
拉鲁尔(小镇)	thị trấn Laruel	địa danh	Thị trấn nhỏ hành tỉnh Tagna, Đế quốc Kendra, cửa ngõ hẻm núi Lạc Nhật (ch.973-978) — CHỐT "Laruel", không viết "Larul"
塔格纳行省	hành tỉnh Tagna	địa danh	Hành tỉnh trung bộ Đế quốc Kendra, giáp hành tỉnh Đông Bắc qua dãy núi Lạc Nhật (ch.973+)
落日山脉	dãy núi Lạc Nhật	địa danh	Dãy núi ranh giới hành tỉnh Tagna / Đông Bắc Kendra, sào huyệt thổ phỉ (ch.973+) — KHÁC Thương hội Lạc Nhật (Malo)
索斯克子爵	Tử tước Sosk	nhân vật	Trấn trưởng thị trấn Laruel (ch.975-976)
莫雷·索斯克	Morey Sosk	nhân vật	Cháu trai Tử tước Sosk, thống lĩnh phủ Trấn thủ thị trấn Laruel (ch.975-976) — KHÁC Kelabi Morey (Sack)
马维·威斯康丁	Đại pháp sư Marvey Wescontin	nhân vật	Hội trưởng Hiệp hội Pháp sư Đế quốc Kendra kiêm Viện trưởng Viện Ma pháp Đế quốc (ch.977)
帝国魔法院	Viện Ma pháp Đế quốc	tổ chức	Cơ quan ma pháp Đế quốc Kendra, xây pháp trận phòng hộ cung điện (ch.977)
坎贝尔·苏迪曼	Nguyên soái Campbell Sudiman	nhân vật	Tổng tư lệnh tối cao Bộ Quân sự / Nguyên soái Đế quốc Kendra (ch.977)
克鲁泽·坎德拉	Thân vương Kreuzer Kendra	nhân vật	Chú ruột Hoàng đế Debor XVII, Nghị trưởng Viện Nguyên lão Đế quốc Kendra (ch.977)
蓝胡子	Bluebeard	nhân vật	Thủ lĩnh Đoàn hải tặc Bluebeard, hợp tác với pháp sư tập kích hạm đội Tân Phi (ch.979-980)
格洛芬	Đại pháp sư Grofen	nhân vật	Đại pháp sư dẫn 23 pháp sư cao cấp tập kích hạm đội Tân Phi; bị Rena bắt/hạ (ch.979-985)
曙光之怒	Nộ Rạng Đông	sản phẩm	Pháo ma lực tầm xa trên tàu hàng Tân Phi, uy lực cực mạnh (ch.979-982)
黑暗炸裂	Bộc Phá Hắc Ám	ma pháp	Cấm chú ma thuật không gian mà Grofen giỏi nhất (ch.980)
玛纳魔法王国	Vương quốc Ma pháp Mana	quốc gia	Quốc gia do Hiệp hội Pháp sư hậu thuẫn; Tân Phi tuyên chiến ch.983 (ch.979+)
索斯瑞城	thành Sosri	địa danh	Thủ đô / Vương đô Ma pháp của Vương quốc Ma pháp Mana (ch.983+)
格里芬多	Griffindor	nhân vật	Quan viên triều đình Kendra xin yết kiến Debor XVII vì vụ Tân Phi (ch.982)
那杜罗	Naduro	nhân vật	Quan viên triều đình Kendra xin yết kiến Debor XVII vì vụ Tân Phi (ch.982)
默多克	Murdoch	nhân vật	Được Debor XVII giao kiểm soát lan rộng thiết bị chiếu Ảnh ảo (ch.982)
阿布拉公国	Công quốc Abra	địa danh	Công quốc phía bắc Venice, đội hộ vệ Tân Phi vượt qua khi tấn công Mana (ch.983)
卢卡丽	Lucali	nhân vật	Nữ liên lạc viên trên phi đĩnh ma lực dưới quyền Hart (ch.983)
《新闻周报》	Tuần báo Tin tức	ấn phẩm	Báo của Thương hội Tân Nguyệt, dùng thao túng dư luận tại Wimbledon (ch.981-982)
魔法广场灯	đèn quảng trường ma thuật	sản phẩm	Thiết bị chiếu/chiếu sáng quảng trường liên quan truyền thông ảo ảnh (ch.981-982)
坎德拉帝王广场	Quảng trường Hoàng đế Kendra	địa danh	Quảng trường tại Wimbledon nơi chiếu Tuần báo Tin tức (ch.981-982)
荣耀军团 / 荣耀魔法师军团	Quân đoàn Vinh Quang (Mana)	tổ chức	Quân đoàn pháp sư có biên chế duy nhất trên lục địa Saiens, trấn giữ thành Sosri, Vương quốc Ma pháp Mana (ch.983-986) — cũng viết "Quân đoàn Vinh Quang Mana"
梅肯	Meken	nhân vật	Phó thủ/liên lạc viên phân tích dữ liệu dưới quyền Hart, đội hộ vệ Thương hội Tân Phi (ch.983-988)
魔力空间稳定器 / 魔力空间稳定仪	máy ổn định không gian ma lực	sản phẩm	Thiết bị vô hiệu hóa ma pháp không gian của Đại pháp sư, lắp trên phi đĩnh/xe bọc thép ma lực (ch.984-985)
军用魔力装甲装置	thiết bị giáp ma lực quân dụng	sản phẩm	Thiết bị quân dụng kết hợp Khiên Xanh Biếc + máy ổn định không gian ma lực, chống mọi đòn ma pháp (ch.984)
轻便魔力战车	xe chiến ma lực gọn nhẹ	sản phẩm	Xe chiến đấu ma lực hạng nhẹ của đội hộ vệ Thương hội Tân Phi (ch.984)
魔法数据化分析模块	mô-đun phân tích dữ liệu hóa ma pháp	thuật ngữ	Lý thuyết do Hứa Dịch sáng tạo, phân tích ma pháp bằng dữ liệu cụ thể, phá vỡ tính "thần bí" của ma pháp (ch.985, 987-988)
《中级数学》/《高等数学》	"Toán Trung Cấp" / "Toán Cao Cấp"	ấn phẩm	Sách giáo trình Hứa Dịch tự biên soạn, làm nền tảng cho mô-đun phân tích dữ liệu hóa ma pháp (ch.987)
火球术 / 炎火术	Thuật Cầu Lửa / Thuật Diễm Hỏa	ma pháp	Ma pháp hệ Hỏa cấp 1 / cấp 2, ví dụ điển hình được Hứa Dịch dùng để chứng minh mô-đun phân tích dữ liệu hóa ma pháp (ch.987)
艾 (đơn vị)	Ai	thuật ngữ	Đơn vị đo năng lượng ma lực (giữ nguyên phiên âm, không dịch nghĩa), ví dụ "50 vạn Ai" (ch.985, 988)
新飞学院	Học viện Tân Phi	tổ chức	Học viện đào tạo pháp sư của Thương hội Tân Phi, nơi Hứa Dịch tuyển 100 pháp sư cấp 1 làm thí nghiệm (ch.987)
数据统计分析分院	phân viện Thống kê Phân tích Dữ liệu	tổ chức	Phân viện mới lập trong Viện nghiên cứu Ma thuật Thương hội Tân Phi (ch.988)
罗肯	Roken	nhân vật	Tiếp đón / quản lý tuyển pháp sư Tân Phi (ch.989-990)
莎拉	Sarah	nhân vật	Đồng sự Roken tiếp đón pháp sư mới (ch.989-990) — KHÁC Saraetoya (Lisanya)
埃科曼	Ekoman	nhân vật	Xuất hiện trong đợt tuyển pháp sư (ch.989+)
莱文·哈索科 / 莱文·哈索卡	Levin Hasoco	nhân vật	Ma đạo sư Vương quốc Ma pháp Mana; giả dạng phá lò luyện thép rồi đấu Hứa Dịch; bị diệt bằng mạng nút tinh thể (ch.991-996) — CHỐT "Hasoco"
萨兰杜尔·克雷	Salandur Clay	nhân vật	Ma đạo sư Mana; đấu Camillo ngoài biển rồi bại lui (ch.991-996)
雷蛇狂舞	Lôi Xà Cuồng Vũ	ma pháp	Cấm chú ma thuật của Hứa Dịch trong trận đấu Levin (ch.993-995)
空间崩坏	Không Gian Sụp Đổ	ma pháp	Ma thuật không gian của Levin Hasoco (ch.994-995)
末日精灵之戒	Nhẫn Tinh Linh Tận Thế	vật phẩm	Bí bảo Elf lấy từ xác Levin làm bằng chứng tử vong (ch.995-996)
阿拉法特小镇	thị trấn Arafat	địa danh	Thị trấn Vương quốc Falke (đã sửa từ "Công quốc", xem dòng 472 — sed sửa 998,999,1000,1001,1002.md nếu còn sai), góc nhìn dân thường sau chiến thắng Mana (ch.998)
安苏教会公国	Công quốc Giáo hội Ansu	quốc gia	Quốc gia mới nhắc tới trong bối cảnh sau chiến (ch.997+)
桑蒂斯商会	Thương hội Santis	tổ chức	Thương hội Lanpari, nhà máy quạt/lò (ch.998)
瑞索斯子爵	Tử tước Risos	nhân vật	Trưởng thị trấn Arafat (ch.998)
温妮	Winnie	nhân vật	Em vợ công nhân Compani ở Arafat (ch.998)
约修安	Joshua	nhân vật	Chồng Winnie, từ Bontar (ch.998)
米莉	Millie	nhân vật	Vợ công nhân Compani ở Arafat (ch.998)
哈瓦特	Hawart	nhân vật	Con trai lớn công nhân Compani (ch.998)
萨耶	Saye	nhân vật	Con út công nhân Compani (ch.998)
孔帕尼 (công nhân)	Compani	nhân vật	Công nhân thị trấn Arafat (ch.998) — TRÙNG romanization với Bá tước Compani (Nixi); phân biệt theo ngữ cảnh
索达克	Sudak	nhân vật	Pháp sư cấp 3, ~40-50 tuổi, muốn gia nhập Tân Phi qua giới thiệu của Tyler (ch.1003)
泰勒	Tyler	nhân vật	Đồng nghiệp Joshua, phụ trách lắp tháp tín hiệu ma lực tại thành Falantis (ch.1002-1003)
法兰蒂斯城	thành Falantis	địa danh	Vương đô Vương quốc Falke (ch.1002)
摩罗城	thành Morro	địa danh	Cách nhà Compani (thị trấn Arafat) hơn 30km (ch.1002)
基础建设推广部	Bộ Xúc tiến Cơ sở Hạ tầng	tổ chức	Bộ phận Thương hội Tân Phi lập năm ngoái, Joshua là kinh lý phụ trách Công quốc Delac + Vương quốc Falke (ch.1000)
菡茹草卷烟	thuốc lá cuộn cỏ Hàm Như	sản phẩm	Sản phẩm mới của tộc Elf, một bao 20 điếu giá sỉ 30 đồng bạc (ch.1001)
魔法通话盒	hộp thoại ma pháp	sản phẩm	Thiết bị liên lạc từ xa qua tháp tín hiệu ma lực (ch.1002)
温妮·斯宾沙	Winnie Spencer	nhân vật	Tên đầy đủ của Winnie (họ Spencer) (ch.1007)
利尔诺·约修安	Lienor Joshua	nhân vật	Tên đầy đủ của Joshua — "Lienor" là tên riêng (ch.1007)
穆舍尔	Mushel	nhân vật	Pháp sư trung niên cấp 8, đầu sỏ nhóm bắt cóc Winnie theo lệnh một quý tộc bí ẩn (ch.1005-1007)
亚述(小公国)	Công quốc Asu	địa danh	Công quốc nhỏ giáp Vương quốc Falke và Vương quốc Angira, hướng tây bắc Arafat (ch.1006)
单兵魔法护盾防护装置	Thiết bị khiên ma pháp phòng hộ cá nhân	sản phẩm	Máy móc Ma thuật quân dụng hệ Thủy, Tân Phi bán giới hạn (ch.1004-1005)
魔法护盾增幅装置	Thiết bị khuếch đại khiên ma pháp	sản phẩm	Phiên bản dành riêng cho pháp sư, khuếch đại khiên bằng ma lực bản thân (ch.1005-1006)
电极刃	Điện Cực Nhận	ma pháp	Ma thuật hệ Lôi cấp 8, sát thương đơn thể cực mạnh (ch.1005)
禁魔道具 / 禁魔手环	vật phẩm cấm ma thuật / vòng cấm ma thuật	thuật ngữ	Vòng tay khống chế ma lực của pháp sư, hiếm gặp trên lục địa Saiens (ch.1005, 1007)
摩斯密码	mã Morse	thuật ngữ	Hứa Dịch từng nhắc Evita, Evita phát triển thành trò gõ tín hiệu nội bộ Viện nghiên cứu (ch.1006, callback)
诺瓦尔	Noval	nhân vật	Tổng chỉ huy hạm đội thám hiểm viễn dương Thương hội Tân Phi (ch.1013)
大航海时代	Thời Đại Đại Hàng Hải	thuật ngữ	Mốc mở đầu kỷ nguyên thám hiểm viễn dương của Tân Phi (ch.1013)
麦哲伦	Magellan	nhân vật	Nhân vật lịch sử Trái Đất, dẫn chứng của Hứa Dịch (ch.1013)
魔法工业产业论坛	Diễn đàn Ngành Công nghiệp Ma pháp	tổ chức	Hội nghị thường niên do Tân Phi tổ chức (ch.1014)
魔法工业产业标准厘定会议	Hội nghị Định chuẩn Tiêu chuẩn Ngành Công nghiệp Ma pháp	tổ chức	Hội nghị chế định tiêu chuẩn kỹ thuật, 1 tháng sau Diễn đàn (ch.1014)
魔法工业行业管理委员会 / 魔法工业产业联合会	Ủy ban Quản lý Ngành Công nghiệp Ma pháp	tổ chức	Tổ chức Tân Phi đề xuất lập để chế định quy tắc ngành; tác giả gốc dùng lẫn 2 tên cho cùng 1 tổ chức (ch.1014)
魔法机械专业技能等级评定	đánh giá cấp bậc kỹ năng chuyên môn Máy móc Ma thuật	thuật ngữ	Hệ thống phân cấp mới cho pháp sư/kỹ thuật viên dựa trên kỹ năng Máy móc Ma thuật (ch.1014-1015)
赛莱恩伯爵	Bá tước Sailan	nhân vật	Thành chủ đương nhiệm thành Bontar (ch.1008)
亚述公国	Công quốc Assyria	quốc gia	Tiểu công quốc bị Tân Phi cắt quan hệ vì bắt cóc nhân viên Winnie/Joshua (ch.1008-1010)
亚述大公	Đại công tước Assyria	danh xưng	Người đứng đầu Công quốc Assyria, anh trai Bá tước Birmingham (ch.1009-1010)
伯明翰伯爵	Bá tước Birmingham	nhân vật	Em ruột Đại công tước Assyria, trưởng đoàn đại biểu Assyria tại diễn đàn (ch.1009-1010)
辛蒂	Cindy	nhân vật	Thư ký mới của Hứa Dịch, tộc Elf Night Song (ch.1008, 1010)
切赫	Cech	nhân vật	Quản gia phủ Thành chủ Bontar (ch.1008)
赛恩斯大陆魔法工业产业论坛	Diễn đàn Công nghiệp Ma pháp Đại lục Saiens	sự kiện	Sự kiện thường niên do Tân Phi tổ chức, năm nay là kỳ thứ 5 (ch.1008-1011)
邦塔城环城自行车公路赛 / 新飞公路自行车赛	Giải đua xe đạp đường trường Tân Phi (vòng quanh thành Bontar)	sự kiện	Giải đua thường niên do Tân Phi bảo trợ, năm nay kỷ niệm 10 năm (ch.1008)
单兵魔力火炮	pháo ma lực cá nhân	sản phẩm	Vũ khí quân dụng cấp thấp mở cho nước đạt chuẩn công nghiệp cấp 3 (ch.1011)
可移动75毫米口径魔力火炮	pháo ma lực cỡ nòng 75mm di động	sản phẩm	Vũ khí quân dụng cùng đợt (ch.1011)
初级魔法护盾装置	thiết bị khiên ma pháp sơ cấp	sản phẩm	Vũ khí quân dụng cùng đợt (ch.1011)
战略合作伙伴计划	Kế hoạch Đối tác Chiến lược	tổ chức/chính sách	Tân Phi đặt ra 7 năm trước, quy định mở công nghệ quân dụng theo cấp bậc (ch.1011)
德罗族	tộc Delo	chủng tộc	
菲普利	Fipley	nhân vật	Vương tử
本萨克	Bensak	nhân vật	
卡珊德拉	Cassandra	nhân vật	Rồng
克雷	Cray	nhân vật	Ma đạo sư
特纳	Turner	nhân vật	Đại pháp sư
魔云大陆	Ma Vân Đại Lục	địa danh	Lục địa mới nằm ngoài biển Vô Tận, cách Saiens 10.000km về phía Tây, gần đảo rồng (ch.1039-1040)
深渊魔族	Ma tộc Vực Thẳm	chủng tộc	Chủng tộc thống trị đại lục Saiens trước tộc Elf, biến mất gần 1 vạn năm trước (ch.1041)
终结之日	Ngày Chung Kết	thuật ngữ	Ngày tận thế theo truyền thuyết của tộc Elf và loài người về sự quay lại của Ma tộc Vực Thẳm (ch.1041)
列昂	Leon	nhân vật	Rồng Đen, bạn thuở ấu thơ của Cassandra (Rồng Đỏ), tính cách kiêu ngạo nhưng tò mò với sản phẩm Tân Phi (ch.1055-1056)
晨曦魔法机械商会	Thương hội Máy móc Ma pháp Bình Minh	tổ chức	Thương hội mới do Kennard thành lập sau khi rời Tân Phi, đứng sau là gia tộc Emma (ch.1060-1061)
卡卡洛尔	Kakalor	nhân vật	Hội trưởng Thương hội Thông tin Tân Phi (ch.1061)
索丽尔	Cô Solier	nhân vật	Chủ quản bộ phận ngoại vụ Thương hội Tân Phi (ch.1064)
萨沙	Sasha	nhân vật	Bộ trưởng Bộ Công nghiệp Ma pháp Vương quốc Sack (ch.1064)
桑萨斯	Sansas	thị tộc	Tộc Elf ở Ma Vân Đại Lục (ch.1065)
卡罗姆	Carom	thị tộc	Tộc Gnome ở Ma Vân Đại Lục (ch.1065)
格莱鲁斯	Glerus	nhân vật	CEO mới của Thương hội Tân Phi sau khi Kennard rời đi (ch.1065)
奇诺联合会	Liên hội Chino	tổ chức	Hiệp định Tổ chức Liên hợp Tài nguyên Khoáng sản Chino (ch.1066)
新飞矿业商会	Thương hội Khai khoáng Tân Phi	tổ chức	Thương hội khai khoáng trực thuộc Tân Phi thành lập để đối phó Chino (ch.1066)
淡水溪谷商会	Thương hội Freshwater Valley	tổ chức	Thương hội tài nguyên khoáng sản lớn nhất Đế quốc Malo (ch.1067)
谷地矿产统筹协会	Hiệp hội Thống nhất Khoáng sản Thung Lũng	tổ chức	Hiệp hội thống nhất khoáng sản đối lập với Chino, do Freshwater Valley dẫn đầu (ch.1067)
谷地统筹会	Hội Thống nhất Thung Lũng	tổ chức	Tên gọi tắt của Hiệp hội Thống nhất Khoáng sản Thung Lũng (ch.1067)
威尔士公国	Công quốc Wales	địa danh	Quốc gia hợp tác với Thương hội Tân Phi thu mua mỏ khoáng sản (ch.1067)
费曼·安科	Feynman An Khoa	nhân vật	Hội trưởng Thương hội An Khoa của Vương quốc Lanpari (ch.1068)
萨克奇商会	Thương hội Sakichi	tổ chức	Thương hội ở thành Bontar hợp tác tặng sản phẩm lỗi cho Ma Vân (ch.1068)
莱温克尔	Levincal	nhân vật	Cục trưởng Cục Quản lý Công nghiệp Ma pháp Vương quốc Lanpari (ch.1068)
力索普	Lisotop	nhân vật	Hội trưởng Thương hội Khai khoáng Tân Phi, người lùn (ch.1068)
巴奈特	Barnett	nhân vật	Người phụ trách xây dựng căn cứ của Thương hội Tân Phi tại Ma Vân Đại Lục (ch.1069)
莱茵哈尔	Reinhard	nhân vật	Đội trưởng Đội hộ vệ Thương hội Tân Phi tại Ma Vân Đại Lục (ch.1070)
托斯克王子	Vương tử Tosk	nhân vật	Nhân vật trong phim ảo ảnh được Long tộc yêu thích (ch.1070)
那美国王	Quốc vương Namek	nhân vật	Nhân vật trong phim ảo ảnh (ch.1070)
格鲁尔	Gruel	nhân vật	Đội trưởng đội vận tải của Thương hội Tân Phi tại Ma Vân Đại Lục (ch.1071)
乌瑟	Uther	nhân vật	Đội trưởng Uther, phụ trách nhóm hành động bắt giữ hộ vệ Tân Phi (ch.1082-1086)
齐达尔	Zidal	nhân vật	Bá tước Zidal, quý tộc cùng phe với Uther (ch.1082-1086)
约拿	Jonah	nhân vật	Đại sư Jonah, Đại pháp sư được mời bắt giữ hộ vệ Tân Phi (ch.1082-1086)
罗曼	Roman	nhân vật	Công tước Roman, đại diện phía Vương quốc Delo hợp tác bắt giữ hộ vệ Tân Phi (ch.1082-1086)
纳木错	Namtso	địa danh	Mỏ quặng Namtso, nơi xảy ra xung đột chảy máu giữa Tân Phi và Kendra (ch.1082-1086)
拉斐尔·埃尔文	Raphael Elwin	nhân vật	Bá tước Raphael Elwin, Bộ trưởng Bộ Quản lý Công nghiệp Ma pháp Đế quốc Kendra (ch.1082)
奥法利安	Ofalian	nhân vật	Ma đạo sư Ofalian, một trong chín vị Ma đạo sư của Đế quốc Kendra, mạnh nhất (ch.1084-1086)
拉杜卡	Raduka	nhân vật	Ma đạo sư Raduka, một trong chín vị Ma đạo sư của Đế quốc Kendra, Hỏa Long Ma đạo sư (ch.1083-1086)
火龙魔导师	Hỏa Long Ma đạo sư	danh xưng	Biệt hiệu của Ma đạo sư Raduka (ch.1083)
泰格	Tiger	nhân vật	Tiểu đội trưởng tiểu đội ba tộc Người thú của đội hộ vệ (ch.1075)
卡丽蒙顿	Kalimonton	nhân vật	Quản lý nhân sự của đội hộ vệ Thương hội Tân Phi (ch.1075)
奥特曼	Altman	nhân vật	Người sói Altman, ứng viên gia nhập đội hộ vệ (ch.1075)
落日帝国传说	"Truyền Thuyết Đế Quốc Lạc Nhật"	tác phẩm	Phim ảo ảnh do Thương hội Tân Nguyệt sản xuất (ch.1076)
雷萨斯	Resas	nhân vật	Tiểu đội trưởng tiểu đội 3 đội hộ vệ Tân Phi đồn trú tại Delo (ch.1077-1081)
弗洛伊德	Floyd	nhân vật	Phó tiểu đội trưởng tiểu đội 3, chiến binh Elf (ch.1077-1081)
陨星天降	Vẫn Tinh Thiên Giáng	thuật ngữ	Cấm chú ma pháp hệ Hỏa/Thổ (ch.1090)
枢纽	Mắt trận / Khớp trung tâm	thuật ngữ	Khái niệm điều khiển trung tâm của pháp trận ma pháp (ch.1091)
安图索尔	Antusol	nhân vật	Bá tước Antusol, tiên phong của Đế quốc Kendra (ch.1093)
罗曼司·安图索尔	Romance Antusol	nhân vật	Bá tước Antusol, tiên phong của Đế quốc Kendra (ch.1093)
圣乔安军团	Quân đoàn Saint Joan	tổ chức	Một trong mười quân đoàn tinh nhuệ của Đế quốc Kendra (ch.1096)
罗蒙·雷格尔	Romon Reger	nhân vật	Quân đoàn trưởng Quân đoàn Saint Joan, phái mới (ch.1096)
耶鲁	Yale	nhân vật	Đại ma pháp sư Yale của quân Saint Joan (ch.1096)
雷文	Levin	nhân vật	Hầu tước Levin, đại tướng quân bộ Đế quốc Malo (ch.1094)
古多尔	Gudor	nhân vật	Hầu tước Gudor, phó thống soái liên quân Malo-Frank (ch.1094)
兰迪小镇	thị trấn Randi	địa danh	Thị trấn ở biên giới phía Bắc Lanpari, giáp Sack (ch.1094)
塔盾小镇	thị trấn Tháp Thuẫn	địa danh	Thị trấn ở biên giới phía Bắc Lanpari, giáp Sack (ch.1094)
耶鲁	Đại ma pháp sư Yale	nhân vật	Đại ma pháp sư hệ Phong của Đế quốc Kendra (ch.1097)
雷格尔	Bá tước Regel	nhân vật	Tướng lĩnh quân đoàn Saint Joan của Đế quốc Kendra (ch.1097)
圣乔安军团	Quân đoàn Saint Joan	tổ chức	Quân đoàn viễn chinh số 4 của Đế quốc Kendra xâm lược Rulson (ch.1097)
因陀罗	Indra	địa danh	Đại bình nguyên / thảo nguyên lớn ở phía bắc Vương quốc Rulson (ch.1098)
安利斯山脉	dãy núi Anlis	địa danh	Dãy núi nằm ở phía nam đại bình nguyên Indra (ch.1098)
杰拉尔德	Gerald	nhân vật	Đoàn trưởng Kỵ sĩ đoàn Kim Ưng của Đế quốc Kendra (ch.1098)
金鹰骑士团	Kỵ sĩ đoàn Kim Ưng	tổ chức	Kỵ sĩ đoàn tinh nhuệ của Đế quốc Kendra (ch.1098)
赤阳军团	Quân đoàn Xích Dương	tổ chức	Quân đoàn tinh nhuệ có tính cơ động cao của Đế quốc Kendra (ch.1098)
纳罗罗夫	Narolov	nhân vật	Quân đoàn trưởng quân đoàn Xích Dương của Đế quốc Kendra (ch.1098)
布朗克	Bronck	nhân vật	Đại đội trưởng đại đội pháo binh số 2 thuộc đội hộ vệ Tân Phi (ch.1098)
勒布罗	Lebro	nhân vật	Tổ trưởng tổ phi đĩnh trinh sát số 67 thuộc đội hộ vệ Tân Phi (ch.1098)
坎迪申科	Candyshenko	nhân vật	Nhân viên thông tin trên phi đĩnh trinh sát số 67 của Tân Phi (ch.1098)
芬里尔	Fenrir	nhân vật	Quân đoàn trưởng quân đoàn phương Bắc của Vương quốc Rulson (ch.1100)
色文西城	thành Cevinsi	địa danh	Thành phố biên giới, nơi đặt kho hậu cần của quân viễn chinh Kendra (ch.1101)
鹦鹉号	Parrot	sản phẩm	Phi đĩnh ma lực trinh sát thuộc tổ trinh sát số 67 của Tân Phi (ch.1102 / ch.1098)
卡莲	Karen	nhân vật	Trợ lý hậu cần trên phi đĩnh ma lực Parrot (ch.1102 / ch.1098)
美罗城	thành Mero	địa danh	Thành phố quan trọng ở biên giới phía tây nam Đế quốc Kendra, lãnh địa Dempsey (ch.1107-1111)
迪恩·邓普斯	Dean Dempsey	nhân vật	Bá tước Dean Dempsey, Thành chủ thành Mero, tộc trưởng gia tộc Dempsey (ch.1107-1111)
邓普斯	Dempsey	nhân vật	Gia tộc Dempsey, cai trị thành Mero hơn 400 năm (ch.1107-1111)
杜威因·迪纳塔莱	Duwayne Dinatale	nhân vật	Hầu tước Duwayne Dinatale, Tổng chỉ huy quân chi viện Tây Nam của Đế quốc Kendra (ch.1109-1110)
迪纳塔莱	Dinatale	nhân vật	Hầu tước Dinatale (ch.1109-1110)
巴布拉尔	Babular	địa danh	Thành Babular, thủ phủ hành tỉnh Tây Nam Đế quốc Kendra, nơi đặt phủ Tổng đốc (ch.1110)
查尔斯	Charles	nhân vật	Công tước Charles, Tổng đốc hành tỉnh Tây Nam Đế quốc Kendra (ch.1110)
魔力坦克	xe tăng ma lực	sản phẩm	Loại phương tiện thiết giáp chiến đấu mới của Thương hội Tân Phi (ch.1111)
禁魔领域	lĩnh vực cấm ma	thuật ngữ	Khu vực làm hỗn loạn ma pháp nguyên tố khiến pháp sư cấp thấp không thể kiểm soát ma pháp (ch.1111)
美罗城	thành Melo	địa danh	Thành phố lớn gần biên giới phía Tây Nam của Đế quốc Kendra
迪恩·邓普斯伯爵	Bá tước Dean Dempsey	nhân vật	Lãnh chúa thành Melo
邓普斯家族	gia tộc Dempsey	thế lực	Gia tộc của Bá tước Dean Dempsey
巴布拉尔城	thành Babral	địa danh	Thủ phủ Tây Nam Tỉnh của Đế quốc Kendra
迪纳塔莱侯爵	Hầu tước Dinatale	nhân vật	Chỉ huy quân viện binh Kendra tại Tây Nam Tỉnh
纽恩斯	Nyuns	nhân vật	Phó đội trưởng đội hộ vệ loài người của Thương hội Tân Phi
维尔罗德	Wilrod	nhân vật	Đội trưởng tiểu đội hộ vệ Elf của Thương hội Tân Phi
魔法牢笼	lồng giam ma pháp	thuật ngữ	Lồng giam ma pháp đặc chế do đội hộ vệ Tân Phi triển khai
禁魔领域	kết giới cấm ma / lĩnh vực cấm ma	thuật ngữ	Trận pháp kết giới chặn ma pháp hoạt động
诺克莫	Nokemo	nhân vật	Trung úy Nokemo, sĩ quan quân đội Frank (ch.1121)
马坎	Makan	nhân vật	Binh sĩ quân đội Frank (ch.1121)
格林维泰	Greenvitae	địa danh	Thành nhỏ / thị trấn Greenvitae thuộc Vương quốc Frank cũ (ch.1121)
格林	Green	nhân vật	Bá tước Green của Vương quốc Frank cũ (ch.1121)
格力休斯	Grysius	địa danh	Dãy núi lớn nhất ở phía nam Vương quốc Frank cũ (ch.1122)
天明山谷	thung lũng Thiên Minh	địa danh	Thung lũng đi qua dãy núi Grysius (ch.1122)
纳尔甘	Nargan	nhân vật	Ma đạo sư của Đế quốc Malo tử trận tại dãy núi Grysius (ch.1123-1124)
劳恩斯	Lounes	nhân vật	Chủ quản bộ phận máy móc ma thuật quân dụng của thương hội Tân Phi (ch.1126)
圣鲁斯城	thành Saint Luce	địa danh	Thành trì nơi đóng quân của tàn quân Malo-Frank (ch.1125)
斯洛德山谷	thung lũng Sloder	địa danh	Thung lũng ở phía bắc Vương quốc Frank cũ (ch.1125)
达尔西	Darcy	nhân vật	Bá tước Darcy, Thượng tướng, Thống soái Quân Bắc phạt của Rulson (ch.1136-1137)
波罗哥尔	Bologor	nhân vật	Tham mưu tổng trưởng của Đế quốc Kendra (ch.1137)
森里	Senri	nhân vật	Nguyên soái Senri, Thống soái của Đế quốc Malo (ch.1138-1139)
迪达曼斯	Didamans	nhân vật	Bá tước Didamans, Cục trưởng Cục Ngoại vụ Vương quốc Rulson (ch.1130)
莫比干	Mobigan	địa danh	Thành Mobigan, thành phố phía nam hành tỉnh Taraman thuộc Đế quốc Kendra (ch.1131)
拉戈尔	Lagor	nhân vật	Công tước Lagor, Tổng đốc hành tỉnh Taraman thuộc Đế quốc Kendra, tử trận (ch.1131)
塔伦米尔	Tarenmill	nhân vật	Thượng tướng Bộ quân sự Đế quốc Kendra (ch.1135)
拉莫斯	Ramos	nhân vật	Nam tước, chỉ huy Kỵ binh đoàn số 1 Quân cận vệ hoàng gia Đế quốc Kendra (ch.1136)
肖恩斯侯爵	Hầu tước Seans	nhân vật	Bộ trưởng Bộ Ngoại thương Đế quốc Malo (ch.1146)
温莎王国	Vương quốc Windsor	quốc gia	Quốc gia do Công tước Windsor lập sau khi ly khai khỏi Kendra
多拉尔	Dolar	địa danh	Vương đô của Vương quốc Windsor (thành Dolar)
图拉尔自治领	Lãnh địa tự trị Tular	địa danh	Vùng tự trị mới lập từ tỉnh Tular
贝尔莫	Belmo	nhân vật	Bá tước Belmo, Thành chủ Bontar
菲利普学院	Học viện Philip	tổ chức	Học viện chuyên ngành công nghiệp ma pháp ở thành Dolar (ch.1158)
卢锡安	Lucian	nhân vật	Sinh viên tốt nghiệp Học viện Philip (ch.1158)
莉诺雅	Linoia	nhân vật	Ngôi sao tộc Elf nổi tiếng của Thương hội Tân Nguyệt (ch.1159)
隆多	Rondo	nhân vật	Pháp sư cấp 3, chủ xưởng gia công động cơ ma lực nhỏ (ch.1160)
卡曼学院	Học viện Kaman	tổ chức	Học viện nơi sinh viên Kaman theo học (ch.1161)
坦森	Tansen	nhân vật	Học sinh cùng nhóm bị bắt với Lucian, dũng cảm ngăn chặn kẻ địch (ch.1163-1166)
哈里斯	Harris	nhân vật	Người đàn ông trung niên trong quân đội, chú của cô gái cứu viện (ch.1165-1166)
多拉尔	Doral	địa danh	Thành phố ở Đế quốc Kendra, thành Doral
小温莎公爵	Tiểu Công tước Windsor	nhân vật	Tổng đốc mới của hành tỉnh miền nam Kendra
阿普拉伯爵	Bá tước Apula	nhân vật	Thành chủ thành Doral
库兰伊王国	Vương quốc Kulanyi	địa danh	Quốc gia nhỏ nằm trong khu vực miền đông lục địa (ch.1182)
勒法鲁大将军	Đại tướng quân Lefalu	nhân vật	Kẻ khởi xướng phản loạn ở Vương quốc Kulanyi (ch.1182)
辛普森国王	Quốc vương Simpson	nhân vật	Cựu quốc vương của Vương quốc Kulanyi (ch.1182)
阿方索/阿方索·坎德拉	Alfonso Kendra	nhân vật	Hoàng đế Bệ hạ của Đế quốc Kendra (tên khác của Debor XVII, ch.1183)
加尔布特大公爵	Đại công tước Galbut	nhân vật	Thủ tướng của Đế quốc Kendra (ch.1183)
莉诺雅	Linoia	nhân vật	Elf, đại minh tinh thuộc Thương hội Tân Nguyệt
卢锡安	Lucian	nhân vật	Pháp sư
哈里斯	Harris	nhân vật	Đội trưởng/chú của Freya
特维斯蒂	Tevisti	nhân vật	Elf, nữ giới, đã được Trưởng lão Lisanya gả cho Hứa Dịch
穆法拉	Mufala	nhân vật	Hầu tước Mufala, Phó bộ trưởng Bộ Ngoại vụ Đế quốc Kendra
卢锡安	Lucian	nhân vật	
霍利	Holly	nhân vật	
哈里斯	Harris	nhân vật	
莉诺雅	Linoya	nhân vật	
菲利普学院	Học viện Philip	tổ chức	
魔云大陆	Lục địa Ma Vân	địa danh	
新飞城	thành Tân Phi	địa danh	
舒斯特尔	Shuster	nhân vật	Chỉ huy hạm đội tháp tùng Akali, từng đi lục địa Ma Vân
库兰伊王国	Vương quốc Kurani	quốc gia	Nằm ở phía đông lục địa Saiens
东部大开发	Đại khai phá miền Đông	sự kiện	Kế hoạch phát triển khu vực phía đông của Hứa Dịch
